hotel_name,rating,description,address,url,city,latitude,longitude
Résidence L'Oiseau des Mers,9.8,"Résidence L'Oiseau des Mers in Saintes-Maries-de-la-Mer offers a 4-star apartment with a terrace and free WiFi. Guests enjoy air-conditioning, a private bathroom, and a fully equipped kitchen.","20 Avenue d'Arles, 13460 Saintes-Maries-de-la-Mer, France",https://www.booking.com/hotel/fr/residence-l-oiseau-des-mers.en-gb.html?aid=304142&label=gen173nr-10CAQoggJCH3NlYXJjaF9zYWludGVzIG1hcmllcyBkZSBsYSBtZXJIM1gEaE2IAQGYATO4ARfIAQzYAQPoAQH4AQGIAgGoAgG4ApDw5NEGwAIB0gIkOGNiZmEyMzktMmM1OC00MjIyLThiZWMtMDhhZDNiODFjMGEz2AIB4AIB&sid=12a55688e1d2b6894e10ab33ddcb4a62&dist=0&group_adults=2&group_children=0&hapos=25&hpos=25&no_rooms=1&req_adults=2&req_children=0&room1=A%2CA&sb_price_type=total&sr_order=popularity&srepoch=1782134801&srpvid=da2e5e887d0007fb&type=total&ucfs=1&,Saintes Maries De La Mer,43.4540501,4.427996
Hotel L'Escale,8.2,"Hotel L'Escale in Aigues-Mortes offers family rooms with private bathrooms, air-conditioning, and free WiFi. Each room includes a TV and free toiletries.","6 rue du Port, 30220 Aigues-Mortes, France",https://www.booking.com/hotel/fr/l-39-escale-aigues-mortes.en-gb.html?aid=304142&label=gen173nr-10CAQoggJCFHNlYXJjaF9haWd1ZXMgbW9ydGVzSDNYBGhNiAEBmAEzuAEXyAEM2AED6AEB-AEBiAIBqAIBuAKW8OTRBsACAdICJDI5ZTdlZDg2LTRkZjgtNGQwZC1iZmU2LWM2ZmQ1YzA0MDk1ZdgCAeACAQ&sid=12a55688e1d2b6894e10ab33ddcb4a62&dist=0&group_adults=2&group_children=0&hapos=25&hpos=25&no_rooms=1&req_adults=2&req_children=0&room1=A%2CA&sb_price_type=total&sr_order=popularity&srepoch=1782134809&srpvid=8cfb5e8b6b3707f2&type=total&ucfs=1&,Aigues Mortes,43.56879591496389,4.1880866853236975
Marina Aigues Mortes 75m2,9.9,"Marina Aigues Mortes 75m2 in Aigues-Mortes offers two bedrooms and a bathroom. The holiday home features air-conditioning, a terrace, balcony, and free WiFi.","105 impasse Etambo, 30220 Aigues-Mortes, France",https://www.booking.com/hotel/fr/marina-aigues-mortes-75m2.en-gb.html?aid=304142&label=gen173nr-10CAQoggJCFHNlYXJjaF9haWd1ZXMgbW9ydGVzSDNYBGhNiAEBmAEzuAEXyAEM2AED6AEB-AEBiAIBqAIBuAKW8OTRBsACAdICJDI5ZTdlZDg2LTRkZjgtNGQwZC1iZmU2LWM2ZmQ1YzA0MDk1ZdgCAeACAQ&sid=12a55688e1d2b6894e10ab33ddcb4a62&dist=0&group_adults=2&group_children=0&hapos=24&hpos=24&no_rooms=1&req_adults=2&req_children=0&room1=A%2CA&sb_price_type=total&sr_order=popularity&srepoch=1782134809&srpvid=8cfb5e8b6b3707f2&type=total&ucfs=1&,Aigues Mortes,43.5747463,4.1883983
Maison Aigues-Mortes 8 couchages,9.0,"Maison Aigues-Mortes 8 couchages in Aigues-Mortes offers three bedrooms and a living room. The property includes a terrace and free WiFi, ensuring a pleasant stay.","296 Route de Nîmes, 30220 Aigues-Mortes, France",https://www.booking.com/hotel/fr/maison-aigues-mortes-8-couchages.en-gb.html?aid=304142&label=gen173nr-10CAQoggJCFHNlYXJjaF9haWd1ZXMgbW9ydGVzSDNYBGhNiAEBmAEzuAEXyAEM2AED6AEB-AEBiAIBqAIBuAKW8OTRBsACAdICJDI5ZTdlZDg2LTRkZjgtNGQwZC1iZmU2LWM2ZmQ1YzA0MDk1ZdgCAeACAQ&sid=12a55688e1d2b6894e10ab33ddcb4a62&dist=0&group_adults=2&group_children=0&hapos=23&hpos=23&no_rooms=1&req_adults=2&req_children=0&room1=A%2CA&sb_price_type=total&sr_order=popularity&srepoch=1782134809&srpvid=8cfb5e8b6b3707f2&type=total&ucfs=1&,Aigues Mortes,43.5720711,4.1935493
Maison dans les remparts d'Aigues-Mortes,10,"Maison dans les remparts d'Aigues-Mortes in Aigues-Mortes offers a two-bedroom apartment with a private entrance. The property features family rooms and a balcony, ensuring a pleasant stay.","11 Rue des Capucins, 30220 Aigues-Mortes, France",https://www.booking.com/hotel/fr/maison-dans-les-remparts-d-aigues-mortes.en-gb.html?aid=304142&label=gen173nr-10CAQoggJCFHNlYXJjaF9haWd1ZXMgbW9ydGVzSDNYBGhNiAEBmAEzuAEXyAEM2AED6AEB-AEBiAIBqAIBuAKW8OTRBsACAdICJDI5ZTdlZDg2LTRkZjgtNGQwZC1iZmU2LWM2ZmQ1YzA0MDk1ZdgCAeACAQ&sid=12a55688e1d2b6894e10ab33ddcb4a62&dist=0&group_adults=2&group_children=0&hapos=22&hpos=22&no_rooms=1&req_adults=2&req_children=0&room1=A%2CA&sb_price_type=total&sr_order=popularity&srepoch=1782134809&srpvid=8cfb5e8b6b3707f2&type=total&ucfs=1&,Aigues Mortes,43.5655144,4.1943101
Appartement cosy Aigues-Mortes centre 4 pers,9.5,"Appartement cosy Aigues-Mortes centre 4 pers in Aigues-Mortes offers a 1-star apartment with two bedrooms and one bathroom. The property features parquet floors, a dining area, and a sofa, ensuring a pleasant stay.","6 Rue Emile Zola, 30220 Aigues-Mortes, France",https://www.booking.com/hotel/fr/appartement-cosy-aigues-mortes-centre-4-pers.en-gb.html?aid=304142&label=gen173nr-10CAQoggJCFHNlYXJjaF9haWd1ZXMgbW9ydGVzSDNYBGhNiAEBmAEzuAEXyAEM2AED6AEB-AEBiAIBqAIBuAKW8OTRBsACAdICJDI5ZTdlZDg2LTRkZjgtNGQwZC1iZmU2LWM2ZmQ1YzA0MDk1ZdgCAeACAQ&sid=12a55688e1d2b6894e10ab33ddcb4a62&dist=0&group_adults=2&group_children=0&hapos=21&hpos=21&no_rooms=1&req_adults=2&req_children=0&room1=A%2CA&sb_price_type=total&sr_order=popularity&srepoch=1782134809&srpvid=8cfb5e8b6b3707f2&type=total&ucfs=1&,Aigues Mortes,43.5675293,4.1913776
Marina à Aigues Mortes - GARD,9.6,Marina à Aigues Mortes in Aigues-Mortes offers a villa with a garden and terrace. Free WiFi is available throughout the property.,"105 Impasse Etambo, 30220 Aigues-Mortes, France",https://www.booking.com/hotel/fr/marina-a-aigues-mortes-gard.en-gb.html?aid=304142&label=gen173nr-10CAQoggJCFHNlYXJjaF9haWd1ZXMgbW9ydGVzSDNYBGhNiAEBmAEzuAEXyAEM2AED6AEB-AEBiAIBqAIBuAKW8OTRBsACAdICJDI5ZTdlZDg2LTRkZjgtNGQwZC1iZmU2LWM2ZmQ1YzA0MDk1ZdgCAeACAQ&sid=12a55688e1d2b6894e10ab33ddcb4a62&dist=0&group_adults=2&group_children=0&hapos=20&hpos=20&no_rooms=1&req_adults=2&req_children=0&room1=A%2CA&sb_price_type=total&sr_order=popularity&srepoch=1782134809&srpvid=8cfb5e8b6b3707f2&type=total&ucfs=1&,Aigues Mortes,43.5747248,4.1884645
Les Flo location,9.5,"Les Flo location in Aigues-Mortes offers a one-bedroom apartment with a living room and a private entrance. The ground-floor unit features a terrace, kitchen, and air-conditioning.","545 Route de Nîmes, 30220 Aigues-Mortes, France",https://www.booking.com/hotel/fr/les-flo-location.en-gb.html?aid=304142&label=gen173nr-10CAQoggJCFHNlYXJjaF9haWd1ZXMgbW9ydGVzSDNYBGhNiAEBmAEzuAEXyAEM2AED6AEB-AEBiAIBqAIBuAKW8OTRBsACAdICJDI5ZTdlZDg2LTRkZjgtNGQwZC1iZmU2LWM2ZmQ1YzA0MDk1ZdgCAeACAQ&sid=12a55688e1d2b6894e10ab33ddcb4a62&dist=0&group_adults=2&group_children=0&hapos=19&hpos=19&no_rooms=1&req_adults=2&req_children=0&room1=A%2CA&sb_price_type=total&sr_order=popularity&srepoch=1782134809&srpvid=8cfb5e8b6b3707f2&type=total&ucfs=1&,Aigues Mortes,43.573982420304,4.195183373197
rez de chaussée studio climatisé dans villa,9.2,"The apartment offers a sun terrace, garden, and free WiFi. Guests can relax in the outdoor seating area or take advantage of the bicycle parking.","5 rue général de gaulle, 30220 Aigues-Mortes, France",https://www.booking.com/hotel/fr/studio-dans-villa.en-gb.html?aid=304142&label=gen173nr-10CAQoggJCFHNlYXJjaF9haWd1ZXMgbW9ydGVzSDNYBGhNiAEBmAEzuAEXyAEM2AED6AEB-AEBiAIBqAIBuAKW8OTRBsACAdICJDI5ZTdlZDg2LTRkZjgtNGQwZC1iZmU2LWM2ZmQ1YzA0MDk1ZdgCAeACAQ&sid=12a55688e1d2b6894e10ab33ddcb4a62&dist=0&group_adults=2&group_children=0&hapos=18&hpos=18&no_rooms=1&req_adults=2&req_children=0&room1=A%2CA&sb_price_type=total&sr_order=popularity&srepoch=1782134809&srpvid=8cfb5e8b6b3707f2&type=total&ucfs=1&,Aigues Mortes,43.57100823492068,4.197566684655758
Charmante maison de pêcheur,9.4,"Charmante maison de pêcheur in Aigues-Mortes offers a holiday home with one bedroom and a living room. The property includes a terrace, balcony, and garden views.","14 106 Impasse Etambo, 30220 Aigues-Mortes, France",https://www.booking.com/hotel/fr/charmante-maison-de-pecheur-aigues-mortes.en-gb.html?aid=304142&label=gen173nr-10CAQoggJCFHNlYXJjaF9haWd1ZXMgbW9ydGVzSDNYBGhNiAEBmAEzuAEXyAEM2AED6AEB-AEBiAIBqAIBuAKW8OTRBsACAdICJDI5ZTdlZDg2LTRkZjgtNGQwZC1iZmU2LWM2ZmQ1YzA0MDk1ZdgCAeACAQ&sid=12a55688e1d2b6894e10ab33ddcb4a62&dist=0&group_adults=2&group_children=0&hapos=17&hpos=17&no_rooms=1&req_adults=2&req_children=0&room1=A%2CA&sb_price_type=total&sr_order=popularity&srepoch=1782134809&srpvid=8cfb5e8b6b3707f2&type=total&ucfs=1&,Aigues Mortes,43.5748541,4.1890169
villa camargue,10,"Villa Camargue in Aigues-Mortes offers three bedrooms and a bathroom. The property features air-conditioning, a fully equipped kitchen, and a washing machine. Guests can relax in the garden or on the terrace, enjoying free WiFi throughout the stay.","282 Rue Jacques Cœur, 30220 Aigues-Mortes, France",https://www.booking.com/hotel/fr/villa-camargue-aigues-mortes.en-gb.html?aid=304142&label=gen173nr-10CAQoggJCFHNlYXJjaF9haWd1ZXMgbW9ydGVzSDNYBGhNiAEBmAEzuAEXyAEM2AED6AEB-AEBiAIBqAIBuAKW8OTRBsACAdICJDI5ZTdlZDg2LTRkZjgtNGQwZC1iZmU2LWM2ZmQ1YzA0MDk1ZdgCAeACAQ&sid=12a55688e1d2b6894e10ab33ddcb4a62&dist=0&group_adults=2&group_children=0&hapos=16&hpos=16&no_rooms=1&req_adults=2&req_children=0&room1=A%2CA&sb_price_type=total&sr_order=popularity&srepoch=1782134809&srpvid=8cfb5e8b6b3707f2&type=total&ucfs=1&,Aigues Mortes,43.575161,4.1834248
La maison sur la place dans Aigues Mortes,9.0,"La maison sur la place dans Aigues Mortes offers a spacious holiday home in Aigues-Mortes. The property features two bedrooms and two bathrooms, a comfortable living room, and a fully equipped kitchen.","6 Rue Paul Bert, 30220 Aigues-Mortes, France",https://www.booking.com/hotel/fr/la-maison-sur-la-place-aigues-mortes.en-gb.html?aid=304142&label=gen173nr-10CAQoggJCFHNlYXJjaF9haWd1ZXMgbW9ydGVzSDNYBGhNiAEBmAEzuAEXyAEM2AED6AEB-AEBiAIBqAIBuAKW8OTRBsACAdICJDI5ZTdlZDg2LTRkZjgtNGQwZC1iZmU2LWM2ZmQ1YzA0MDk1ZdgCAeACAQ&sid=12a55688e1d2b6894e10ab33ddcb4a62&dist=0&group_adults=2&group_children=0&hapos=15&hpos=15&no_rooms=1&req_adults=2&req_children=0&room1=A%2CA&sb_price_type=total&sr_order=popularity&srepoch=1782134809&srpvid=8cfb5e8b6b3707f2&type=total&ucfs=1&,Aigues Mortes,43.5658726,4.1929586
Villa à deux pas de la cité médiévale dans une résidence très calme,8.8,"Villa à deux pas de la cité médiévale dans une résidence très calme in Aigues-Mortes offers two bedrooms and a bathroom. Guests enjoy a fully equipped kitchen, washing machine, and free WiFi.","150 Rue du Vidourle, 30220 Aigues-Mortes, France",https://www.booking.com/hotel/fr/villa-a-deux-pas-de-la-cite-medievale-dans-une-residence-tres-calme.en-gb.html?aid=304142&label=gen173nr-10CAQoggJCFHNlYXJjaF9haWd1ZXMgbW9ydGVzSDNYBGhNiAEBmAEzuAEXyAEM2AED6AEB-AEBiAIBqAIBuAKW8OTRBsACAdICJDI5ZTdlZDg2LTRkZjgtNGQwZC1iZmU2LWM2ZmQ1YzA0MDk1ZdgCAeACAQ&sid=12a55688e1d2b6894e10ab33ddcb4a62&dist=0&group_adults=2&group_children=0&hapos=14&hpos=14&no_rooms=1&req_adults=2&req_children=0&room1=A%2CA&sb_price_type=total&sr_order=popularity&srepoch=1782134809&srpvid=8cfb5e8b6b3707f2&type=total&ucfs=1&,Aigues Mortes,43.569799522692,4.186523869312
Hotel Saint Louis - Au Coeur des Remparts,8.5,"Set in the historical heart of Aigues-Mortes, 200 yards from the Tour de Constance, Hotel Saint Louis - Au Coeur des Remparts is an air-conditioned hotel with a wellness center and restaurant. Free WiFi access is available on site and public city parking spots are available for free.

All rooms feature a contemporary décor inspired by the region and are fitted a flat-screen TV, a mini-bar and a telephone. Each room has a private bathroom. In the summer, guests can enjoy a drink on the patio or sun terrace. The onsite restaurant features a baroque-style décor and offers modern Camargue cuisine made with local produce and outdoor seating.

Nîmes is 43 km from Hotel Saint Louis - Au Coeur des Remparts, while Arles is 49 km from the property. Montpellier - Mediterranee Airport is 26 km away.

 There is a wellness center with a sauna and massages are also available on request.","10, Rue Amiral Courbet, 30220 Aigues-Mortes, France",https://www.booking.com/hotel/fr/saint-louis-aigues-mortes.en-gb.html?aid=304142&label=gen173nr-10CAQoggJCFHNlYXJjaF9haWd1ZXMgbW9ydGVzSDNYBGhNiAEBmAEzuAEXyAEM2AED6AEB-AEBiAIBqAIBuAKW8OTRBsACAdICJDI5ZTdlZDg2LTRkZjgtNGQwZC1iZmU2LWM2ZmQ1YzA0MDk1ZdgCAeACAQ&sid=12a55688e1d2b6894e10ab33ddcb4a62&dist=0&group_adults=2&group_children=0&hapos=13&hpos=13&no_rooms=1&req_adults=2&req_children=0&room1=A%2CA&sb_price_type=total&sr_order=popularity&srepoch=1782134809&srpvid=8cfb5e8b6b3707f2&type=total&ucfs=1&,Aigues Mortes,43.5672196715711,4.189343601465225
Belle marina avec piscine collective,8.7,"Belle marina avec piscine collective in Aigues-Mortes offers a holiday home with two bedrooms and a living room. The property includes a terrace, balcony, and free WiFi.","1090 Avenue de la Mont Joye, 30220 Aigues-Mortes, France",https://www.booking.com/hotel/fr/marina-avec-appontement-aigues-mortes.en-gb.html?aid=304142&label=gen173nr-10CAQoggJCFHNlYXJjaF9haWd1ZXMgbW9ydGVzSDNYBGhNiAEBmAEzuAEXyAEM2AED6AEB-AEBiAIBqAIBuAKW8OTRBsACAdICJDI5ZTdlZDg2LTRkZjgtNGQwZC1iZmU2LWM2ZmQ1YzA0MDk1ZdgCAeACAQ&sid=12a55688e1d2b6894e10ab33ddcb4a62&dist=0&group_adults=2&group_children=0&hapos=12&hpos=12&no_rooms=1&req_adults=2&req_children=0&room1=A%2CA&sb_price_type=total&sr_order=popularity&srepoch=1782134809&srpvid=8cfb5e8b6b3707f2&type=total&ucfs=1&,Aigues Mortes,43.5750022,4.1862674
Hôtel Le Médiéval - Parking inclus & accueil vélo,8.9,"Le Médiéval is located on the banks of the canal in Aigues-Mortes, 30 km from Montpellier. It offers en suite rooms, free parking and an outdoor swimming pool.

Hotel Le Médiéval provides a daily buffet continental-style breakfast that can be taken on the terrace in fine weather. The hotel also provides free Wi-Fi access in public areas.

Free private parking is possible on site and the medieval ramparts are a 2-minute walk from the hotel.","221 Avenue Du Pont De Provence, 30220 Aigues-Mortes, France",https://www.booking.com/hotel/fr/le-medieval.en-gb.html?aid=304142&label=gen173nr-10CAQoggJCFHNlYXJjaF9haWd1ZXMgbW9ydGVzSDNYBGhNiAEBmAEzuAEXyAEM2AED6AEB-AEBiAIBqAIBuAKW8OTRBsACAdICJDI5ZTdlZDg2LTRkZjgtNGQwZC1iZmU2LWM2ZmQ1YzA0MDk1ZdgCAeACAQ&sid=12a55688e1d2b6894e10ab33ddcb4a62&dist=0&group_adults=2&group_children=0&hapos=11&hpos=11&no_rooms=1&req_adults=2&req_children=0&room1=A%2CA&sb_price_type=total&sr_order=popularity&srepoch=1782134809&srpvid=8cfb5e8b6b3707f2&type=total&ucfs=1&,Aigues Mortes,43.57186625316511,4.19366168974193
La Villa Mazarin,9.2,"Set in a building dating from the 15th century, La Villa Mazarin is located in the fortified city of Aigues-Mortes. It offers a terrace and guests can enjoy a drink at the bar. Free WiFi is available throughout. The guest rooms have air conditioning, heating, satellite TV, a telephone and a fridge. All rooms are furnished in 17th-century Provençale style. In the hotel's restaurant, La Table, you can enjoy French culinary specialties or choose from a selection of light meals and snacks. The salon opens onto the courtyard and sun terrace. The restaurant is open in the evenings from Wednesday to Sunday from 7pm to 9pm, and only at weekends for lunch (noon to 1pm). Closed on Mondays and Tuesdays. The Villa Mazarin has a private underground car park 1.85 m high. This option, which costs €18 per day per vehicle, must be booked in advance (subject to availability, as the number of spaces is limited). Your pet (dog or cat) is welcome (ON RESERVATION - one pet per room - supplement of €25 per day applies). Please contact us beforehand. Our relaxation area is available until midnight (sauna, jacuzzi, fitness room, swimming pool heated between 23° and 25°). Montpellier is 35 km from La Villa Mazarin, while Nîmes is 43 km away. The nearest airport is Mediterranee Airport, 25 km from the property.","35 boulevard Gambetta, 30220 Aigues-Mortes, France",https://www.booking.com/hotel/fr/la-villa-mazarin.en-gb.html?aid=304142&label=gen173nr-10CAQoggJCFHNlYXJjaF9haWd1ZXMgbW9ydGVzSDNYBGhNiAEBmAEzuAEXyAEM2AED6AEB-AEBiAIBqAIBuAKW8OTRBsACAdICJDI5ZTdlZDg2LTRkZjgtNGQwZC1iZmU2LWM2ZmQ1YzA0MDk1ZdgCAeACAQ&sid=12a55688e1d2b6894e10ab33ddcb4a62&dist=0&group_adults=2&group_children=0&hapos=10&hpos=10&no_rooms=1&req_adults=2&req_children=0&room1=A%2CA&sb_price_type=total&sr_order=popularity&srepoch=1782134809&srpvid=8cfb5e8b6b3707f2&type=total&ucfs=1&,Aigues Mortes,43.56498661964503,4.191751956841472
le dit vin secret,8.4,"le dit vin secret in Aigues-Mortes offers air-conditioned rooms with private bathrooms, city views, and parquet floors. Each room includes a tea and coffee maker, hairdryer, and free toiletries.","13 rue sadi carnot 13 rue sadi carnot, 30220 Aigues-Mortes, France",https://www.booking.com/hotel/fr/le-dit-vin-secret.en-gb.html?aid=304142&label=gen173nr-10CAQoggJCFHNlYXJjaF9haWd1ZXMgbW9ydGVzSDNYBGhNiAEBmAEzuAEXyAEM2AED6AEB-AEBiAIBqAIBuAKW8OTRBsACAdICJDI5ZTdlZDg2LTRkZjgtNGQwZC1iZmU2LWM2ZmQ1YzA0MDk1ZdgCAeACAQ&sid=12a55688e1d2b6894e10ab33ddcb4a62&dist=0&group_adults=2&group_children=0&hapos=9&hpos=9&no_rooms=1&req_adults=2&req_children=0&room1=A%2CA&sb_price_type=total&sr_order=popularity&srepoch=1782134809&srpvid=8cfb5e8b6b3707f2&type=total&ucfs=1&,Aigues Mortes,43.566769,4.189113
chez sandrou,9.5,"Château Sandrou in Aigues-Mortes offers a recently renovated 1-star holiday home with two bedrooms and a bathroom. The property is pet-friendly and includes air-conditioning, a terrace, and free WiFi.","14 Rue Rouget de l'Isle, 30220 Aigues-Mortes, France",https://www.booking.com/hotel/fr/chez-sandrou.en-gb.html?aid=304142&label=gen173nr-10CAQoggJCFHNlYXJjaF9haWd1ZXMgbW9ydGVzSDNYBGhNiAEBmAEzuAEXyAEM2AED6AEB-AEBiAIBqAIBuAKW8OTRBsACAdICJDI5ZTdlZDg2LTRkZjgtNGQwZC1iZmU2LWM2ZmQ1YzA0MDk1ZdgCAeACAQ&sid=12a55688e1d2b6894e10ab33ddcb4a62&dist=0&group_adults=2&group_children=0&hapos=8&hpos=8&no_rooms=1&req_adults=2&req_children=0&room1=A%2CA&sb_price_type=total&sr_order=popularity&srepoch=1782134809&srpvid=8cfb5e8b6b3707f2&type=total&ucfs=1&,Aigues Mortes,43.5645341,4.1922299
Les remparts Aigues-Mortes appartement et parking,9.1,"Les remparts Aigues-Mortes appartement et parking in Aigues-Mortes offers a one-bedroom apartment with a living room. The property features parquet floors, a sofa bed, and a dining area.","2 rue Pasteur 1er étage, 30220 Aigues-Mortes, France",https://www.booking.com/hotel/fr/les-remparts-aigues-mortes-aigues-mortes.en-gb.html?aid=304142&label=gen173nr-10CAQoggJCFHNlYXJjaF9haWd1ZXMgbW9ydGVzSDNYBGhNiAEBmAEzuAEXyAEM2AED6AEB-AEBiAIBqAIBuAKW8OTRBsACAdICJDI5ZTdlZDg2LTRkZjgtNGQwZC1iZmU2LWM2ZmQ1YzA0MDk1ZdgCAeACAQ&sid=12a55688e1d2b6894e10ab33ddcb4a62&dist=0&group_adults=2&group_children=0&hapos=7&hpos=7&no_rooms=1&req_adults=2&req_children=0&room1=A%2CA&sb_price_type=total&sr_order=popularity&srepoch=1782134809&srpvid=8cfb5e8b6b3707f2&type=total&ucfs=1&,Aigues Mortes,43.5667223,4.19055
Le Cosy des Remparts ! Charmant appartement intra-muros,9.0,"Le Cosy des Remparts ! Charmant appartement intra-muros in Aigues-Mortes offers a one-bedroom apartment with a living room. The property features parquet floors and a sofa bed, ensuring a cosy and inviting atmosphere.","3 Rue J J Rousseau, 30220 Aigues-Mortes, France",https://www.booking.com/hotel/fr/le-cosy-des-remparts-aigues-mortes.en-gb.html?aid=304142&label=gen173nr-10CAQoggJCFHNlYXJjaF9haWd1ZXMgbW9ydGVzSDNYBGhNiAEBmAEzuAEXyAEM2AED6AEB-AEBiAIBqAIBuAKW8OTRBsACAdICJDI5ZTdlZDg2LTRkZjgtNGQwZC1iZmU2LWM2ZmQ1YzA0MDk1ZdgCAeACAQ&sid=12a55688e1d2b6894e10ab33ddcb4a62&dist=0&group_adults=2&group_children=0&hapos=6&hpos=6&no_rooms=1&req_adults=2&req_children=0&room1=A%2CA&sb_price_type=total&sr_order=popularity&srepoch=1782134809&srpvid=8cfb5e8b6b3707f2&type=total&ucfs=1&,Aigues Mortes,43.5655229,4.1905592
Maison aux pieds des Remparts,9.2,"Maison aux pieds des Remparts in Aigues-Mortes offers a one-bedroom apartment with a living room. The property includes a terrace with garden views, air-conditioning, and a fully equipped kitchen.","Maison R+1 Aigues-Mortes, 30220 Aigues-Mortes, France",https://www.booking.com/hotel/fr/maison-aux-pieds-des-remparts.en-gb.html?aid=304142&label=gen173nr-10CAQoggJCFHNlYXJjaF9haWd1ZXMgbW9ydGVzSDNYBGhNiAEBmAEzuAEXyAEM2AED6AEB-AEBiAIBqAIBuAKW8OTRBsACAdICJDI5ZTdlZDg2LTRkZjgtNGQwZC1iZmU2LWM2ZmQ1YzA0MDk1ZdgCAeACAQ&sid=12a55688e1d2b6894e10ab33ddcb4a62&dist=0&group_adults=2&group_children=0&hapos=5&hpos=5&no_rooms=1&req_adults=2&req_children=0&room1=A%2CA&sb_price_type=total&sr_order=popularity&srepoch=1782134809&srpvid=8cfb5e8b6b3707f2&type=total&ucfs=1&,Aigues Mortes,43.56892174455075,4.188115323314117
Hôtel les jardins du canal - piscine chauffée - solaire eco responsable - parking - garage - bornes électriques - accueil vélos - kids friendly,8.9,"Hôtel les jardins du canal  is a 5-minute walk to the fortified city, on the banks of the canal, visible from its panoramic terrace and swimming pool. It offers air-conditioned rooms with free WiFi. Free parking is available and garage parking is possible for an extra charge, or free of charge for motorbikes.

All of the rooms in the 3-star Hotel Canal Aigues Mortes are soundproofed and have a flat-screen TV with French and foreign channels.

In the warmer months the buffet breakfast can be eaten on the outdoor terrace. In the summer, guests can also enjoy snacks or light meals by the canal.

Bicycle rental is available onsite and there is also a seminar room for meetings.

Hotel Canal Aigues Mortes is a 10-minute drive from Grau-du-Roi beach and a 20-minute drive from Montpellier-Méditerranée Airport. Aigues-Mortes train station is a 4-minute walk away. Montpellier, Arles and Nîmes can all be reached within 45 minutes by car.","440 Route De Nimes, 30220 Aigues-Mortes, France",https://www.booking.com/hotel/fr/canal-aigues-mortes.en-gb.html?aid=304142&label=gen173nr-10CAQoggJCFHNlYXJjaF9haWd1ZXMgbW9ydGVzSDNYBGhNiAEBmAEzuAEXyAEM2AED6AEB-AEBiAIBqAIBuAKW8OTRBsACAdICJDI5ZTdlZDg2LTRkZjgtNGQwZC1iZmU2LWM2ZmQ1YzA0MDk1ZdgCAeACAQ&sid=12a55688e1d2b6894e10ab33ddcb4a62&dist=0&group_adults=2&group_children=0&hapos=4&hpos=4&no_rooms=1&req_adults=2&req_children=0&room1=A%2CA&sb_price_type=total&sr_order=popularity&srepoch=1782134809&srpvid=8cfb5e8b6b3707f2&type=total&ucfs=1&,Aigues Mortes,43.572987520084624,4.194824695587158
Artemia Aigues-Mortes - Hôtel avec piscine - Bornes électriques - Parking privé - Local vélo-moto,8.9,"Featuring free WiFi and a seasonal outdoor swimming pool, Artemia Aigues-Mortes is located in Aigues-Mortes, a 15-minute drive from the Carmague Natural Regional Park. The nearest beach is a 15-minute drive away. Free parking is available on site.

Certain rooms include views of the pool or garden. Each room comes with a flat-screen TV and a private bathroom. Some rooms also feature a private terrace.

A buffet breakfast is available for an extra charge.

Artemia Aigues-Mortes also provides meeting facilities.

Nîmes is 40 km from Artemia Aigues-Mortes, while Arles is 45 km from the property. The nearest airport is Montpellier - Mediterranee Airport, 26 km from the property.","897, Route De Nîmes, 30220 Aigues-Mortes, France",https://www.booking.com/hotel/fr/le-royal-hotel-aigues-mortes.en-gb.html?aid=304142&label=gen173nr-10CAQoggJCFHNlYXJjaF9haWd1ZXMgbW9ydGVzSDNYBGhNiAEBmAEzuAEXyAEM2AED6AEB-AEBiAIBqAIBuAKW8OTRBsACAdICJDI5ZTdlZDg2LTRkZjgtNGQwZC1iZmU2LWM2ZmQ1YzA0MDk1ZdgCAeACAQ&sid=12a55688e1d2b6894e10ab33ddcb4a62&dist=0&group_adults=2&group_children=0&hapos=3&hpos=3&no_rooms=1&req_adults=2&req_children=0&room1=A%2CA&sb_price_type=total&sr_order=popularity&srepoch=1782134809&srpvid=8cfb5e8b6b3707f2&type=total&ucfs=1&,Aigues Mortes,43.57639588787367,4.197818040847778
Résidence Odalys Fleur de Sel,8.3,"Set in Aigues-Mortes, Résidence Odalys Fleur de Sel is a 5-minute walk from the historic town centre and offers a seasonal outdoor heated pool. Free WiFi is available on site.

The apartments are spread throughout small maisonettes and each features a private bathroom, a living room with a flat-screen TV and a fully-equipped kitchenette. Some apartments have a terrace or balcony.

Montpellier is 25 km from Résidence Odalys Fleur de Sel. Montpellier - Mediterranee Airport is 18 km from the property. Free outdoor parking is available.","278 Chemin de Trouche, 30220 Aigues-Mortes, France",https://www.booking.com/hotel/fr/residence-odalys-fleur-de-sel.en-gb.html?aid=304142&label=gen173nr-10CAQoggJCFHNlYXJjaF9haWd1ZXMgbW9ydGVzSDNYBGhNiAEBmAEzuAEXyAEM2AED6AEB-AEBiAIBqAIBuAKW8OTRBsACAdICJDI5ZTdlZDg2LTRkZjgtNGQwZC1iZmU2LWM2ZmQ1YzA0MDk1ZdgCAeACAQ&sid=12a55688e1d2b6894e10ab33ddcb4a62&dist=0&group_adults=2&group_children=0&hapos=2&hpos=2&no_rooms=1&req_adults=2&req_children=0&room1=A%2CA&sb_price_type=total&sr_order=popularity&srepoch=1782134809&srpvid=8cfb5e8b6b3707f2&type=total&ucfs=1&,Aigues Mortes,43.574094,4.179246
Résidence Odalys Le Mas des Flamants,8.5,"Located outside Aigues-Mortes’ fortifications, Résidence Odalys Le Mas des Flamants is just next to the Vidourle River. You can relax in the swimming and paddling pools or go to the beach at Le-Grau-du-Roi, 7 km away.

Set in small and terraced houses, the apartments at Résidence Odalys Le Mas des Flamants offer a private patio or garden. A TV and Wi-Fi access are also available with an extra cost.

Meals can be prepared in the accommodation’s kitchenette and enjoyed in the small dining area. Each kitchenette includes hotplates, a microwave and a dishwasher.

One free parking space is offered per apartment and an on-site launderette is also at your disposal. Local activities include walking the 5 minutes to the town centre or relaxing on Port-Camargue Beach, 7 km away.","60 Chemin de Trouche, 30220 Aigues-Mortes, France",https://www.booking.com/hotel/fr/residence-le-mas-des-flamants.en-gb.html?aid=304142&label=gen173nr-10CAQoggJCFHNlYXJjaF9haWd1ZXMgbW9ydGVzSDNYBGhNiAEBmAEzuAEXyAEM2AED6AEB-AEBiAIBqAIBuAKW8OTRBsACAdICJDI5ZTdlZDg2LTRkZjgtNGQwZC1iZmU2LWM2ZmQ1YzA0MDk1ZdgCAeACAQ&sid=12a55688e1d2b6894e10ab33ddcb4a62&dist=0&group_adults=2&group_children=0&hapos=1&hpos=1&no_rooms=1&req_adults=2&req_children=0&room1=A%2CA&sb_price_type=total&sr_order=popularity&srepoch=1782134809&srpvid=8cfb5e8b6b3707f2&type=total&ucfs=1&,Aigues Mortes,43.57379435310839,4.180621862215048
Jolie maisonnette à proximité de toutes commodités,8.7,Jolie maisonnette à proximité de toutes commodités in Saintes-Maries-de-la-Mer offers direct beachfront access and a terrace with stunning sea views. Guests can relax on the balcony or enjoy the outdoor dining area.,"9 Rue Jarjaie, 13460 Saintes-Maries-de-la-Mer, France",https://www.booking.com/hotel/fr/jolie-maisonnette-a-proximite-de-toutes-commodites.en-gb.html?aid=304142&label=gen173nr-10CAQoggJCH3NlYXJjaF9zYWludGVzIG1hcmllcyBkZSBsYSBtZXJIM1gEaE2IAQGYATO4ARfIAQzYAQPoAQH4AQGIAgGoAgG4ApDw5NEGwAIB0gIkOGNiZmEyMzktMmM1OC00MjIyLThiZWMtMDhhZDNiODFjMGEz2AIB4AIB&sid=12a55688e1d2b6894e10ab33ddcb4a62&dist=0&group_adults=2&group_children=0&hapos=24&hpos=24&no_rooms=1&req_adults=2&req_children=0&room1=A%2CA&sb_price_type=total&sr_order=popularity&srepoch=1782134801&srpvid=da2e5e887d0007fb&type=total&ucfs=1&,Saintes Maries De La Mer,43.453081,4.4274383
Location Luccini,8.9,"Location Luccini in Saintes-Maries-de-la-Mer offers a private beach area, garden, terrace, and free WiFi. Amphora Beach is a 3-minute walk away, while Arles Amphitheatre lies 38 km from the apartment. Nimes-Ales-Camargue-Cevennes Airport is 41 km distant.","16 Rue Camille Pelletan, 13460 Saintes-Maries-de-la-Mer, France",https://www.booking.com/hotel/fr/location-luccini.en-gb.html?aid=304142&label=gen173nr-10CAQoggJCH3NlYXJjaF9zYWludGVzIG1hcmllcyBkZSBsYSBtZXJIM1gEaE2IAQGYATO4ARfIAQzYAQPoAQH4AQGIAgGoAgG4ApDw5NEGwAIB0gIkOGNiZmEyMzktMmM1OC00MjIyLThiZWMtMDhhZDNiODFjMGEz2AIB4AIB&sid=12a55688e1d2b6894e10ab33ddcb4a62&dist=0&group_adults=2&group_children=0&hapos=23&hpos=23&no_rooms=1&req_adults=2&req_children=0&room1=A%2CA&sb_price_type=total&sr_order=popularity&srepoch=1782134801&srpvid=da2e5e887d0007fb&type=total&ucfs=1&,Saintes Maries De La Mer,43.4526049,4.4313727
EL ROCIO 3,9.0,"EL ROCIO 3 in Saintes-Maries-de-la-Mer offers a comfortable apartment with one bedroom and a living room. The property features a sun terrace, garden, and a seasonal outdoor swimming pool. Free WiFi is available in public areas.","Mas EL ROCIO Rte d icard D38A, 13460 Saintes-Maries-de-la-Mer, France",https://www.booking.com/hotel/fr/el-rocio-3-saintes-maries-de-la-mer.en-gb.html?aid=304142&label=gen173nr-10CAQoggJCH3NlYXJjaF9zYWludGVzIG1hcmllcyBkZSBsYSBtZXJIM1gEaE2IAQGYATO4ARfIAQzYAQPoAQH4AQGIAgGoAgG4ApDw5NEGwAIB0gIkOGNiZmEyMzktMmM1OC00MjIyLThiZWMtMDhhZDNiODFjMGEz2AIB4AIB&sid=12a55688e1d2b6894e10ab33ddcb4a62&dist=0&group_adults=2&group_children=0&hapos=22&hpos=22&no_rooms=1&req_adults=2&req_children=0&room1=A%2CA&sb_price_type=total&sr_order=popularity&srepoch=1782134801&srpvid=da2e5e887d0007fb&type=total&ucfs=1&,Saintes Maries De La Mer,43.502233,4.393335
Vila De La Mar & Spa,8.4,"Vila De La Mar & Spa is a small hotel featuring modern design located in the centre of Saintes-Maries-de-la-Mer, 100 metres from the beach. There is a heated outdoor swimming pool, covered during winter, and a spa with hammam and hot tub.

Each air-conditioned room features a private terrace, a minibar and a large flat-screen TV with cable channels.

Guests can enjoy a  restaurant with a terrace overlooking the pool. On some weekends a dinner hosted by Gypsy guitarists and singers can be provided for a surcharge. A continental breakfast is also available and in-room breakfast is possible for a surcharge.

Activities in the area include windsurfing, horse riding and boat excursions. Vila De La Mar & Spa is surrounded by the Camargue Regional Nature Park and faces the Mediterranean Sea. Guests can also enjoy four wheel, bicycle or carriage rides during their stay.

The property is within 60 km from both Nîmes and Garons Airports, and 120 km from Marseille Marignane Airport. Arles Train Station is 36 km away.","1 bis rue Camille Pelletan, 13460 Saintes-Maries-de-la-Mer, France",https://www.booking.com/hotel/fr/bastide-blanche-saintes-maries-de-la-mer.en-gb.html?aid=304142&label=gen173nr-10CAQoggJCH3NlYXJjaF9zYWludGVzIG1hcmllcyBkZSBsYSBtZXJIM1gEaE2IAQGYATO4ARfIAQzYAQPoAQH4AQGIAgGoAgG4ApDw5NEGwAIB0gIkOGNiZmEyMzktMmM1OC00MjIyLThiZWMtMDhhZDNiODFjMGEz2AIB4AIB&sid=12a55688e1d2b6894e10ab33ddcb4a62&dist=0&group_adults=2&group_children=0&hapos=21&hpos=21&no_rooms=1&req_adults=2&req_children=0&room1=A%2CA&sb_price_type=total&sr_order=popularity&srepoch=1782134801&srpvid=da2e5e887d0007fb&type=total&ucfs=1&,Saintes Maries De La Mer,43.453345311806814,4.430665969848633
"Chambre les flamants, climatisation, avec vue imprenable sur les étangs, petit déjeuner offert",9.3,"Chambre les flamants in Saintes-Maries-de-la-Mer offers spacious rooms with lake, garden, and mountain views. Each room includes air-conditioning, a private bathroom, and a kitchenette.","29 Rue Fanfonne Guillerme, 13460 Saintes-Maries-de-la-Mer, France",https://www.booking.com/hotel/fr/chambre-les-flamants.en-gb.html?aid=304142&label=gen173nr-10CAQoggJCH3NlYXJjaF9zYWludGVzIG1hcmllcyBkZSBsYSBtZXJIM1gEaE2IAQGYATO4ARfIAQzYAQPoAQH4AQGIAgGoAgG4ApDw5NEGwAIB0gIkOGNiZmEyMzktMmM1OC00MjIyLThiZWMtMDhhZDNiODFjMGEz2AIB4AIB&sid=12a55688e1d2b6894e10ab33ddcb4a62&dist=0&group_adults=2&group_children=0&hapos=20&hpos=20&no_rooms=1&req_adults=2&req_children=0&room1=A%2CA&sb_price_type=total&sr_order=popularity&srepoch=1782134801&srpvid=da2e5e887d0007fb&type=total&ucfs=1&,Saintes Maries De La Mer,43.457069,4.430955
"Appartement vue mer, terrasse, place de parking privée, proximité des commerces",8.0,"Appartement vue mer, terrasse, place de parking privée, proximité des commerces in Saintes-Maries-de-la-Mer offers direct beachfront access with stunning sea views. Amphora Beach is just a 3-minute walk away.","Avenue J.Yves Cousteau, 13460 Saintes-Maries-de-la-Mer, France",https://www.booking.com/hotel/fr/appartement-vue-mer-terrasse-place-de-parking-privee-proximite-des-commerces.en-gb.html?aid=304142&label=gen173nr-10CAQoggJCH3NlYXJjaF9zYWludGVzIG1hcmllcyBkZSBsYSBtZXJIM1gEaE2IAQGYATO4ARfIAQzYAQPoAQH4AQGIAgGoAgG4ApDw5NEGwAIB0gIkOGNiZmEyMzktMmM1OC00MjIyLThiZWMtMDhhZDNiODFjMGEz2AIB4AIB&sid=12a55688e1d2b6894e10ab33ddcb4a62&dist=0&group_adults=2&group_children=0&hapos=19&hpos=19&no_rooms=1&req_adults=2&req_children=0&room1=A%2CA&sb_price_type=total&sr_order=popularity&srepoch=1782134801&srpvid=da2e5e887d0007fb&type=total&ucfs=1&,Saintes Maries De La Mer,43.453312,4.435338
"Appartement front de mer avec vue et accès plage, Saintes-Maries-de-la-Mer",8.8,"Appartement front de mer avec vue et accès plage in Saintes-Maries-de-la-Mer offers direct beachfront access and stunning sea views. Amphora Beach is just a few steps away, providing easy beachfront relaxation.","2 Avenue Commandant Jacques Y Cousteau, 13460 Saintes-Maries-de-la-Mer, France",https://www.booking.com/hotel/fr/appartement-bord-de-mer-avec-vue-et-acces-plage-saintes-maries-de-la-mer.en-gb.html?aid=304142&label=gen173nr-10CAQoggJCH3NlYXJjaF9zYWludGVzIG1hcmllcyBkZSBsYSBtZXJIM1gEaE2IAQGYATO4ARfIAQzYAQPoAQH4AQGIAgGoAgG4ApDw5NEGwAIB0gIkOGNiZmEyMzktMmM1OC00MjIyLThiZWMtMDhhZDNiODFjMGEz2AIB4AIB&sid=12a55688e1d2b6894e10ab33ddcb4a62&dist=0&group_adults=2&group_children=0&hapos=18&hpos=18&no_rooms=1&req_adults=2&req_children=0&room1=A%2CA&sb_price_type=total&sr_order=popularity&srepoch=1782134801&srpvid=da2e5e887d0007fb&type=total&ucfs=1&,Saintes Maries De La Mer,43.453433711578,4.435737318524
L'auberge Camarguaise,9.0,"Offering a seasonal outdoor pool and a sun terrace, L'auberge Camarguaise is situated 2 kms away from Saintes-Maries-de-la-Mer. The property was recently renovated by the new owners Elodie and Benoît who are very appy to welcome you at L'auberge Camarguaise. The property offers free private parking and free WiFi throughout.

Every room includes a double bed a private terrace, flat-screen TV and a private bathroom fitted with a bath or a shower.

There is a shared lounge and a bar at the property with different cocktails, West Indian rhums, and aperitif board with local products.

The area is popular for horse riding and cycling. The natural Camargue parc is located 2 kms away from the property.

The nearest airport is Montpellier - Mediterranee Airport, 50 km from L'auberge Camarguaise.","Route D' Arles D570, 13460 Saintes-Maries-de-la-Mer, France",https://www.booking.com/hotel/fr/lauberge-camarguaise.en-gb.html?aid=304142&label=gen173nr-10CAQoggJCH3NlYXJjaF9zYWludGVzIG1hcmllcyBkZSBsYSBtZXJIM1gEaE2IAQGYATO4ARfIAQzYAQPoAQH4AQGIAgGoAgG4ApDw5NEGwAIB0gIkOGNiZmEyMzktMmM1OC00MjIyLThiZWMtMDhhZDNiODFjMGEz2AIB4AIB&sid=12a55688e1d2b6894e10ab33ddcb4a62&dist=0&group_adults=2&group_children=0&hapos=17&hpos=17&no_rooms=1&req_adults=2&req_children=0&room1=A%2CA&sb_price_type=total&sr_order=popularity&srepoch=1782134801&srpvid=da2e5e887d0007fb&type=total&ucfs=1&,Saintes Maries De La Mer,43.471842348919495,4.411565959453583
Mas Des Salicornes,9.4,"Mas Des Salicornes is a countryside hotel just a 10-minute walk from the beach, in the heart of Provence. Each room features a terrace and guests can enjoy the outdoor pool. Free WiFi access is provided.

All of the guest rooms at the Mas Des Salicornes overlook the Provençal-style garden. They are equipped with a TV, safety deposit box and air conditioning. Ironing facilities are available at reception.

A continental breakfast is available and guests can enjoy an after-dinner drink in the bar.

Mas Des Salicornes can organise a range of activities, such as excursions by horse and carriage and evening entertainment.

Situated within a walking distance from the city centre of Les Saintes Maries De La Mer, the hotel is a 20-minute drive from the Camargue Regional Park. Arles is a 35-minute drive away.","38 Chemin du Pont Blanc, 13460 Saintes-Maries-de-la-Mer, France",https://www.booking.com/hotel/fr/mas-des-salicornes.en-gb.html?aid=304142&label=gen173nr-10CAQoggJCH3NlYXJjaF9zYWludGVzIG1hcmllcyBkZSBsYSBtZXJIM1gEaE2IAQGYATO4ARfIAQzYAQPoAQH4AQGIAgGoAgG4ApDw5NEGwAIB0gIkOGNiZmEyMzktMmM1OC00MjIyLThiZWMtMDhhZDNiODFjMGEz2AIB4AIB&sid=12a55688e1d2b6894e10ab33ddcb4a62&dist=0&group_adults=2&group_children=0&hapos=16&hpos=16&no_rooms=1&req_adults=2&req_children=0&room1=A%2CA&sb_price_type=total&sr_order=popularity&srepoch=1782134801&srpvid=da2e5e887d0007fb&type=total&ucfs=1&,Saintes Maries De La Mer,43.45687142239208,4.426175951957703
Studio a deux pas du centre ville et de la mer,,"Studio a deux pas du centre ville et de la mer in Saintes-Maries-de-la-Mer offers a one-bedroom apartment with a terrace. The living room includes a sofa and TV, while the kitchen is equipped with modern appliances.","19 Rue de l'Estrambord, 13460 Saintes-Maries-de-la-Mer, France",https://www.booking.com/hotel/fr/studio-a-deux-pas-du-centre-ville-et-de-la-mer.en-gb.html?aid=304142&label=gen173nr-10CAQoggJCH3NlYXJjaF9zYWludGVzIG1hcmllcyBkZSBsYSBtZXJIM1gEaE2IAQGYATO4ARfIAQzYAQPoAQH4AQGIAgGoAgG4ApDw5NEGwAIB0gIkOGNiZmEyMzktMmM1OC00MjIyLThiZWMtMDhhZDNiODFjMGEz2AIB4AIB&sid=12a55688e1d2b6894e10ab33ddcb4a62&dist=0&group_adults=2&group_children=0&hapos=15&hpos=15&no_rooms=1&req_adults=2&req_children=0&room1=A%2CA&sb_price_type=total&sr_order=popularity&srepoch=1782134801&srpvid=da2e5e887d0007fb&type=total&ucfs=1&,Saintes Maries De La Mer,43.454509,4.4286074
Appartement calme à deux pas de la mer,8.9,"Appartement calme à deux pas de la mer in Saintes-M-de-la-Mer offers a ground-floor apartment with one bedroom and a living room. The property features a terrace, kitchenette, and a private entrance.","rez de chaussée 10 carriero dou pounentau, 13460 Saintes-Maries-de-la-Mer, France",https://www.booking.com/hotel/fr/appartement-calme-a-deux-pas-de-la-mer.en-gb.html?aid=304142&label=gen173nr-10CAQoggJCH3NlYXJjaF9zYWludGVzIG1hcmllcyBkZSBsYSBtZXJIM1gEaE2IAQGYATO4ARfIAQzYAQPoAQH4AQGIAgGoAgG4ApDw5NEGwAIB0gIkOGNiZmEyMzktMmM1OC00MjIyLThiZWMtMDhhZDNiODFjMGEz2AIB4AIB&sid=12a55688e1d2b6894e10ab33ddcb4a62&dist=0&group_adults=2&group_children=0&hapos=14&hpos=14&no_rooms=1&req_adults=2&req_children=0&room1=A%2CA&sb_price_type=total&sr_order=popularity&srepoch=1782134801&srpvid=da2e5e887d0007fb&type=total&ucfs=1&,Saintes Maries De La Mer,43.455638511333,4.434994942077
Hotel Le Méditérranée,6.7,"Situated in Saintes-Maries-de-la-Mer in the Provence-Alpes-Côte d'Azur Region, 100 metres from Eglise des Stes Maries and a 2-minute walk away from the beach and the port, Hotel Le Méditérranée features a sun terrace and views of the garden. Guests can enjoy the on-site bar. Free WiFi is offered.

The rooms have a flat-screen TV. Breakfast is served every morning on the terrace.

You will find luggage storage space at the property.

Nimes-Ales-Camargue-Cevennes Airport is 34 km from the property.","4 Rue Frédéric Mistral, 13460 Saintes-Maries-de-la-Mer, France",https://www.booking.com/hotel/fr/le-mediterranee-saintes-maries-de-la-mer.en-gb.html?aid=304142&label=gen173nr-10CAQoggJCH3NlYXJjaF9zYWludGVzIG1hcmllcyBkZSBsYSBtZXJIM1gEaE2IAQGYATO4ARfIAQzYAQPoAQH4AQGIAgGoAgG4ApDw5NEGwAIB0gIkOGNiZmEyMzktMmM1OC00MjIyLThiZWMtMDhhZDNiODFjMGEz2AIB4AIB&sid=12a55688e1d2b6894e10ab33ddcb4a62&dist=0&group_adults=2&group_children=0&hapos=13&hpos=13&no_rooms=1&req_adults=2&req_children=0&room1=A%2CA&sb_price_type=total&sr_order=popularity&srepoch=1782134801&srpvid=da2e5e887d0007fb&type=total&ucfs=1&,Saintes Maries De La Mer,43.451222809689,4.42666831779093
L Abri-côtier Appartements,9.2,"L Abri-côtier Appartements in Saintes-Maries-de-la-Mer offers a garden and terrace with free WiFi. Each apartment includes air-conditioning, a private bathroom, and a fully equipped kitchen.","24 Avenue d'Arles, 13460 Saintes-Maries-de-la-Mer, France",https://www.booking.com/hotel/fr/appartement-3-saintes-maries-de-la-mer.en-gb.html?aid=304142&label=gen173nr-10CAQoggJCH3NlYXJjaF9zYWludGVzIG1hcmllcyBkZSBsYSBtZXJIM1gEaE2IAQGYATO4ARfIAQzYAQPoAQH4AQGIAgGoAgG4ApDw5NEGwAIB0gIkOGNiZmEyMzktMmM1OC00MjIyLThiZWMtMDhhZDNiODFjMGEz2AIB4AIB&sid=12a55688e1d2b6894e10ab33ddcb4a62&dist=0&group_adults=2&group_children=0&hapos=12&hpos=12&no_rooms=1&req_adults=2&req_children=0&room1=A%2CA&sb_price_type=total&sr_order=popularity&srepoch=1782134801&srpvid=da2e5e887d0007fb&type=total&ucfs=1&,Saintes Maries De La Mer,43.454349768093,4.427723094089
Abrivado,8.7,"Set in the Camargue Regional Park, Abrivado is an air-conditioned hotel located beside the harbour in the town of Saintes-Maries-de-la-Mer. It is 50 metres from the beach and the surrounding shops. Free WiFi access is provided in the guest rooms.

A TV is included in the rooms, which feature a simple décor. 12 of the rooms offer a sea view and 6 of them also feature a private furnished terrace. The private bathrooms include a hairdryer.

A continental breakfast is offered every morning at the hotel Abrivado for an extra charge.

Low-cost public parking is available nearby, and you can visit Arles, located 40 km away. Montpellier Airport is 52 km from the hotel. Public parking is available nearby.","2, Avenue Theodore Aubanel, 13460 Saintes-Maries-de-la-Mer, France",https://www.booking.com/hotel/fr/abrivado.en-gb.html?aid=304142&label=gen173nr-10CAQoggJCH3NlYXJjaF9zYWludGVzIG1hcmllcyBkZSBsYSBtZXJIM1gEaE2IAQGYATO4ARfIAQzYAQPoAQH4AQGIAgGoAgG4ApDw5NEGwAIB0gIkOGNiZmEyMzktMmM1OC00MjIyLThiZWMtMDhhZDNiODFjMGEz2AIB4AIB&sid=12a55688e1d2b6894e10ab33ddcb4a62&dist=0&group_adults=2&group_children=0&hapos=11&hpos=11&no_rooms=1&req_adults=2&req_children=0&room1=A%2CA&sb_price_type=total&sr_order=popularity&srepoch=1782134801&srpvid=da2e5e887d0007fb&type=total&ucfs=1&,Saintes Maries De La Mer,43.45033695444248,4.426224231719971
Camping Le Clos du Rhône,8.4,"Camping Le Clos du Rhône in Saintes-Maries-de-la-Mer offers direct beachfront access with Clos Du Rhone Beach just a 2-minute walk away. Guests enjoy sea views and a sun terrace, perfect for relaxation.","RD 38, route d aigues mortes, 13460 Saintes-Maries-de-la-Mer, France",https://www.booking.com/hotel/fr/camping-le-clos-du-rhone.en-gb.html?aid=304142&label=gen173nr-10CAQoggJCH3NlYXJjaF9zYWludGVzIG1hcmllcyBkZSBsYSBtZXJIM1gEaE2IAQGYATO4ARfIAQzYAQPoAQH4AQGIAgGoAgG4ApDw5NEGwAIB0gIkOGNiZmEyMzktMmM1OC00MjIyLThiZWMtMDhhZDNiODFjMGEz2AIB4AIB&sid=12a55688e1d2b6894e10ab33ddcb4a62&dist=0&group_adults=2&group_children=0&hapos=10&hpos=10&no_rooms=1&req_adults=2&req_children=0&room1=A%2CA&sb_price_type=total&sr_order=popularity&srepoch=1782134801&srpvid=da2e5e887d0007fb&type=total&ucfs=1&,Saintes Maries De La Mer,43.448877916097,4.401684040041
Oh! Campings - Le Clos du Rhône,8.0,Oh! Campings - Le Clos du Rhône in Saintes-Maries-de-la-Mer offers direct beachfront access with Clos Du Rhone Beach just a 2-minute walk away. Guests can enjoy the outdoor swimming pool and relax on the sun terrace.,"38 route d'Aigues Mortes , 13460 Saintes-Maries-de-la-Mer, France",https://www.booking.com/hotel/fr/oh-campings.en-gb.html?aid=304142&label=gen173nr-10CAQoggJCH3NlYXJjaF9zYWludGVzIG1hcmllcyBkZSBsYSBtZXJIM1gEaE2IAQGYATO4ARfIAQzYAQPoAQH4AQGIAgGoAgG4ApDw5NEGwAIB0gIkOGNiZmEyMzktMmM1OC00MjIyLThiZWMtMDhhZDNiODFjMGEz2AIB4AIB&sid=12a55688e1d2b6894e10ab33ddcb4a62&dist=0&group_adults=2&group_children=0&hapos=9&hpos=9&no_rooms=1&req_adults=2&req_children=0&room1=A%2CA&sb_price_type=total&sr_order=popularity&srepoch=1782134801&srpvid=da2e5e887d0007fb&type=total&ucfs=1&,Saintes Maries De La Mer,43.44888,4.40168
Mas du Clos de la Barque,7.3,"Mas du Clos de la Barque in Saintes-Maries-de-la-Mer offers a ground-floor apartment with a private entrance. The property features a garden and terrace, complemented by free WiFi.","Mas du Clos de la Barque bac du sauvage, 13460 Saintes-Maries-de-la-Mer, France",https://www.booking.com/hotel/fr/mas-du-clos-de-la-barque.en-gb.html?aid=304142&label=gen173nr-10CAQoggJCH3NlYXJjaF9zYWludGVzIG1hcmllcyBkZSBsYSBtZXJIM1gEaE2IAQGYATO4ARfIAQzYAQPoAQH4AQGIAgGoAgG4ApDw5NEGwAIB0gIkOGNiZmEyMzktMmM1OC00MjIyLThiZWMtMDhhZDNiODFjMGEz2AIB4AIB&sid=12a55688e1d2b6894e10ab33ddcb4a62&dist=0&group_adults=2&group_children=0&hapos=8&hpos=8&no_rooms=1&req_adults=2&req_children=0&room1=A%2CA&sb_price_type=total&sr_order=popularity&srepoch=1782134801&srpvid=da2e5e887d0007fb&type=total&ucfs=1&,Saintes Maries De La Mer,43.48375941616,4.387740005349
Le Fangassier,9.1,"Located in the Provence-Alpes-Côte d’Azur region, Le Fangassier a hotel set in a Camargue-style building 600 metres from the beach in Saintes-Maries-de-la-Mer. It offers free WiFi access.

All the air-conditioned rooms at Le Fangassier feature a telephone and a flat-screen TV. A bathroom with a bath or shower is also provided. Some rooms have a private terrace or balcony.

A buffet breakfast is served every morning at Le Fangassier.

Shops and restaurants can be found within a 5-minute walk.

This hotel is a 15-minute drive from Château d’Avignon and Arles is 37 km away.","12, Route de Cacharel, 13460 Saintes-Maries-de-la-Mer, France",https://www.booking.com/hotel/fr/le-fangassier.en-gb.html?aid=304142&label=gen173nr-10CAQoggJCH3NlYXJjaF9zYWludGVzIG1hcmllcyBkZSBsYSBtZXJIM1gEaE2IAQGYATO4ARfIAQzYAQPoAQH4AQGIAgGoAgG4ApDw5NEGwAIB0gIkOGNiZmEyMzktMmM1OC00MjIyLThiZWMtMDhhZDNiODFjMGEz2AIB4AIB&sid=12a55688e1d2b6894e10ab33ddcb4a62&dist=0&group_adults=2&group_children=0&hapos=7&hpos=7&no_rooms=1&req_adults=2&req_children=0&room1=A%2CA&sb_price_type=total&sr_order=popularity&srepoch=1782134801&srpvid=da2e5e887d0007fb&type=total&ucfs=1&,Saintes Maries De La Mer,43.454496041947834,4.430707544088364
Le Castelet,6.7,"This hotel is located in Saintes-Maries-de-la-Mer, just 60 metres from the Mediterranean Sea and 30 metres from the Laune Lake. It features a cocktail bar with a flower-filled terrace.

The guest rooms at Le Castelet are equipped with free Wi-Fi access and TVs. Each has a private bathroom with showers and most have private toilets. The hotel serves a continental breakfast every morning in the dining room.

Le Castelet is just a 15-minute drive from the Camargue National Park and Arles is a 35-minute drive away. Montpellier is approximately 50 km from the hotel.","10 Rue Des Launes, 13460 Saintes-Maries-de-la-Mer, France",https://www.booking.com/hotel/fr/le-castelet-les-saintes-maries-de-la-mer.en-gb.html?aid=304142&label=gen173nr-10CAQoggJCH3NlYXJjaF9zYWludGVzIG1hcmllcyBkZSBsYSBtZXJIM1gEaE2IAQGYATO4ARfIAQzYAQPoAQH4AQGIAgGoAgG4ApDw5NEGwAIB0gIkOGNiZmEyMzktMmM1OC00MjIyLThiZWMtMDhhZDNiODFjMGEz2AIB4AIB&sid=12a55688e1d2b6894e10ab33ddcb4a62&dist=0&group_adults=2&group_children=0&hapos=6&hpos=6&no_rooms=1&req_adults=2&req_children=0&room1=A%2CA&sb_price_type=total&sr_order=popularity&srepoch=1782134801&srpvid=da2e5e887d0007fb&type=total&ucfs=1&,Saintes Maries De La Mer,43.451349492721796,4.425076246261597
Hôtel Casa Marina,9.0,"Hôtel Casa Marina in Saintes-Maries-de-la-Mer offers direct beachfront access, a sun terrace, and a lush garden. Guests enjoy sea views and a relaxing outdoor seating area.","1 Avenue Gilbert Leroy, 13460 Saintes-Maries-de-la-Mer, France",https://www.booking.com/hotel/fr/casa-marina-saintes-maries-de-la-mer.en-gb.html?aid=304142&label=gen173nr-10CAQoggJCH3NlYXJjaF9zYWludGVzIG1hcmllcyBkZSBsYSBtZXJIM1gEaE2IAQGYATO4ARfIAQzYAQPoAQH4AQGIAgGoAgG4ApDw5NEGwAIB0gIkOGNiZmEyMzktMmM1OC00MjIyLThiZWMtMDhhZDNiODFjMGEz2AIB4AIB&sid=12a55688e1d2b6894e10ab33ddcb4a62&dist=0&group_adults=2&group_children=0&hapos=5&hpos=5&no_rooms=1&req_adults=2&req_children=0&room1=A%2CA&sb_price_type=total&sr_order=popularity&srepoch=1782134801&srpvid=da2e5e887d0007fb&type=total&ucfs=1&,Saintes Maries De La Mer,43.451133,4.430953
Oh! Campings - La Brise de Camargue,7.8,Oh! Campings - La Brise de Camargue in Saintes-Maries-de-la-Mer offers direct beachfront access with Amphora Beach an 8-minute walk away. Guests enjoy stunning sea views and easy beachfront activities.,"BP 74 Rue Marcel Carrière, 13460 Saintes-Maries-de-la-Mer, France",https://www.booking.com/hotel/fr/oh-campings-la-brise.en-gb.html?aid=304142&label=gen173nr-10CAQoggJCH3NlYXJjaF9zYWludGVzIG1hcmllcyBkZSBsYSBtZXJIM1gEaE2IAQGYATO4ARfIAQzYAQPoAQH4AQGIAgGoAgG4ApDw5NEGwAIB0gIkOGNiZmEyMzktMmM1OC00MjIyLThiZWMtMDhhZDNiODFjMGEz2AIB4AIB&sid=12a55688e1d2b6894e10ab33ddcb4a62&dist=0&group_adults=2&group_children=0&hapos=4&hpos=4&no_rooms=1&req_adults=2&req_children=0&room1=A%2CA&sb_price_type=total&sr_order=popularity&srepoch=1782134801&srpvid=da2e5e887d0007fb&type=total&ucfs=1&,Saintes Maries De La Mer,43.455801,4.436295
Thalacap Camargue,7.7,"Thalacap Camargue faces the beach in Saintes-Maries-de-la-Mer, 5 minutes' walk from the city centre. You will enjoy a seasonal outdoor seawater swimming pool as well as an indoor swimming pool, sauna and hammam all year round at no additional cost

All of the rooms at Thalacap Camargue have a flat-screen TV and free WiFi access and air conditioning.

The restaurant serves Mediterranean-style meals. Weather permitting, meals can be enjoyed on the terrace with a panoramic view of the sea.

In addition to the other relaxation facilities, guests have direct access to a Thalassotherapy centre, which provides a number of health and beauty treatments for an additional charge.

Arles is 37 km away. private parking is available on site for 10€/night.","Avenue du Dr Cambon, 13460 Saintes-Maries-de-la-Mer, France",https://www.booking.com/hotel/fr/thalacap-camargue.en-gb.html?aid=304142&label=gen173nr-10CAQoggJCH3NlYXJjaF9zYWludGVzIG1hcmllcyBkZSBsYSBtZXJIM1gEaE2IAQGYATO4ARfIAQzYAQPoAQH4AQGIAgGoAgG4ApDw5NEGwAIB0gIkOGNiZmEyMzktMmM1OC00MjIyLThiZWMtMDhhZDNiODFjMGEz2AIB4AIB&sid=12a55688e1d2b6894e10ab33ddcb4a62&dist=0&group_adults=2&group_children=0&hapos=3&hpos=3&no_rooms=1&req_adults=2&req_children=0&room1=A%2CA&sb_price_type=total&sr_order=popularity&srepoch=1782134801&srpvid=da2e5e887d0007fb&type=total&ucfs=1&,Saintes Maries De La Mer,43.45349134476366,4.435451030731201
Hotel Le Bleu Marine,7.5,"Bleu Marine is just 150 metres from Mediterranean beaches and 300 metres from the centre of Saintes-Maries-de-la-Mer village. It features a fenced, outdoor swimming pool with sun loungers and free Wi-Fi.

Several rooms at Hotel Le Bleu Marine have a balcony with pool view. Each room is equipped with a flat-screen TV and a private bathroom.

The buffet breakfast is served every morning. Many shops and restaurants are less than 10 minutes’ walk from the hotel. Hot and cold drinks are available upon request.

There is a thalassotherapy centre just 100 metres from the hotel's door.

Hotel Le Bleu Marine is 40 km from Arles and 60 km from Montpellier. Free parking is available on site.","15, Avenue du Docteur Cambon, 13460 Saintes-Maries-de-la-Mer, France",https://www.booking.com/hotel/fr/le-bleu-marine.en-gb.html?aid=304142&label=gen173nr-10CAQoggJCH3NlYXJjaF9zYWludGVzIG1hcmllcyBkZSBsYSBtZXJIM1gEaE2IAQGYATO4ARfIAQzYAQPoAQH4AQGIAgGoAgG4ApDw5NEGwAIB0gIkOGNiZmEyMzktMmM1OC00MjIyLThiZWMtMDhhZDNiODFjMGEz2AIB4AIB&sid=12a55688e1d2b6894e10ab33ddcb4a62&dist=0&group_adults=2&group_children=0&hapos=2&hpos=2&no_rooms=1&req_adults=2&req_children=0&room1=A%2CA&sb_price_type=total&sr_order=popularity&srepoch=1782134801&srpvid=da2e5e887d0007fb&type=total&ucfs=1&,Saintes Maries De La Mer,43.45463817799243,4.433201998472214
Hotel Les Palmiers En Camargue,8.3,"Situated 100 metres from sandy beaches and 200 metres from Eglise des Stes Maries in Saintes-Maries-de-la-Mer, Hotel Les Palmiers En Camargue features free WiFi access.

A flat-screen TV with satellite channels is provided. A terrace or balcony are featured in certain rooms.

A buffet breakfast with both sweet and savoury options is served at the property.

You can engage in various activities, such as horse riding, windsurfing and cycling.

Montpellier - Mediterranee Airport is 53 km from the property. Public parking is available 50 metres away at no extra cost while private garage parking is available upon request for an extra charge.","16 Rue Alphonse Daudet, 13460 Saintes-Maries-de-la-Mer, France",https://www.booking.com/hotel/fr/les-palmiers-en-camargue.en-gb.html?aid=304142&label=gen173nr-10CAQoggJCH3NlYXJjaF9zYWludGVzIG1hcmllcyBkZSBsYSBtZXJIM1gEaE2IAQGYATO4ARfIAQzYAQPoAQH4AQGIAgGoAgG4ApDw5NEGwAIB0gIkOGNiZmEyMzktMmM1OC00MjIyLThiZWMtMDhhZDNiODFjMGEz2AIB4AIB&sid=12a55688e1d2b6894e10ab33ddcb4a62&dist=0&group_adults=2&group_children=0&hapos=1&hpos=1&no_rooms=1&req_adults=2&req_children=0&room1=A%2CA&sb_price_type=total&sr_order=popularity&srepoch=1782134801&srpvid=da2e5e887d0007fb&type=total&ucfs=1&,Saintes Maries De La Mer,43.45106617843045,4.4250936806201935
2VAD13 Studio proche centre-ville,8.0,"2VAD13 Studio proche centre-ville in Collioure offers a spacious living room with a sofa bed and a dining area. The ground-floor unit features a terrace with garden views, perfect for relaxation.","Résidence Vallée du Douy Chemin de San Jaume 17, 66190 Collioure, France",https://www.booking.com/hotel/fr/vallee-douy-2valdo232.en-gb.html?aid=304142&label=gen173nr-10CAQoggJCEHNlYXJjaF9jb2xsaW91cmVIM1gEaE2IAQGYATO4ARfIAQzYAQPoAQH4AQGIAgGoAgG4Aojy5NEGwAIB0gIkZDE2YzE4NjgtYzY4OS00OTI0LTk0NDItMTk4YWI1NTRkOTdi2AIB4AIB&sid=12a55688e1d2b6894e10ab33ddcb4a62&dist=0&group_adults=2&group_children=0&hapos=25&hpos=25&no_rooms=1&req_adults=2&req_children=0&room1=A%2CA&sb_price_type=total&sr_order=popularity&srepoch=1782135050&srpvid=a9d55f04708c06f8&type=total&ucfs=1&,Collioure,42.5196399140215,3.07425141334534
LE SEPT charmant studio aux portes des calanques,9.9,"LE SEPT charmant studio aux portes des calanques in Cassis offers a 3-star apartment with one bedroom and a bathroom. Guests enjoy a swimming pool with a view, sun terrace, and a lush garden. Free WiFi is available throughout the property.","7 Avenue des Carriers, 13260 Cassis, France",https://www.booking.com/hotel/fr/le-sept-charmant-studio-aux-portes-des-calanques.en-gb.html?aid=304142&label=gen173nr-10CAQoggJCDXNlYXJjaF9jYXNzaXNIM1gEaE2IAQGYATO4ARfIAQzYAQPoAQH4AQGIAgGoAgG4Ao3y5NEGwAIB0gIkYjM1ZTY1ZGYtY2U4YS00ZDUyLWEyMjUtMTJhNDUxODUyMWU32AIB4AIB&sid=12a55688e1d2b6894e10ab33ddcb4a62&dist=0&group_adults=2&group_children=0&hapos=25&hpos=25&no_rooms=1&req_adults=2&req_children=0&room1=A%2CA&sb_price_type=total&sr_order=popularity&srepoch=1782135056&srpvid=d1a65f065bbd0822&type=total&ucfs=1&,Cassis,43.2175997,5.53235
HOTEL DES CALANQUES Port de Cassis,6.7,"Hotel Des Calanques Port de Cassis in Cassis offers air-conditioned rooms with private bathrooms, showers, and TVs. Each room includes a work desk and sea views.","8 Rue de l'Arène, 13260 Cassis, France",https://www.booking.com/hotel/fr/des-calanques.en-gb.html?aid=304142&label=gen173nr-10CAQoggJCDXNlYXJjaF9jYXNzaXNIM1gEaE2IAQGYATO4ARfIAQzYAQPoAQH4AQGIAgGoAgG4Ao3y5NEGwAIB0gIkYjM1ZTY1ZGYtY2U4YS00ZDUyLWEyMjUtMTJhNDUxODUyMWU32AIB4AIB&sid=12a55688e1d2b6894e10ab33ddcb4a62&dist=0&group_adults=2&group_children=0&hapos=24&hpos=24&no_rooms=1&req_adults=2&req_children=0&room1=A%2CA&sb_price_type=total&sr_order=popularity&srepoch=1782135056&srpvid=d1a65f065bbd0822&type=total&ucfs=1&,Cassis,43.213611,5.539561
Nistoun par Dodo à Cassis,9.3,"Nistoun par Dodo à Cassis in Cassis offers a one-bedroom apartment with a living room. The property includes a fully equipped kitchen, washing machine, and free WiFi.","2 ème étage 1 Rue Dr Séverin Icard, 13260 Cassis, France",https://www.booking.com/hotel/fr/manjot-par-dodo-a-cassis.en-gb.html?aid=304142&label=gen173nr-10CAQoggJCDXNlYXJjaF9jYXNzaXNIM1gEaE2IAQGYATO4ARfIAQzYAQPoAQH4AQGIAgGoAgG4Ao3y5NEGwAIB0gIkYjM1ZTY1ZGYtY2U4YS00ZDUyLWEyMjUtMTJhNDUxODUyMWU32AIB4AIB&sid=12a55688e1d2b6894e10ab33ddcb4a62&dist=0&group_adults=2&group_children=0&hapos=23&hpos=23&no_rooms=1&req_adults=2&req_children=0&room1=A%2CA&sb_price_type=total&sr_order=popularity&srepoch=1782135056&srpvid=d1a65f065bbd0822&type=total&ucfs=1&,Cassis,43.2144845,5.5388473
"Le Cézanne, 200m plage, grand balcon ,Wifi,",8.2,Le Cézanne in Cassis offers direct beachfront access and a sun terrace. Anse de Corton Beach is an 8-minute walk away.,"5 Avenue du Professeur René Leriche, 13260 Cassis, France",https://www.booking.com/hotel/fr/le-cezanne-200m-plage-wifi-parking.en-gb.html?aid=304142&label=gen173nr-10CAQoggJCDXNlYXJjaF9jYXNzaXNIM1gEaE2IAQGYATO4ARfIAQzYAQPoAQH4AQGIAgGoAgG4Ao3y5NEGwAIB0gIkYjM1ZTY1ZGYtY2U4YS00ZDUyLWEyMjUtMTJhNDUxODUyMWU32AIB4AIB&sid=12a55688e1d2b6894e10ab33ddcb4a62&dist=0&group_adults=2&group_children=0&hapos=22&hpos=22&no_rooms=1&req_adults=2&req_children=0&room1=A%2CA&sb_price_type=total&sr_order=popularity&srepoch=1782135056&srpvid=d1a65f065bbd0822&type=total&ucfs=1&,Cassis,43.214389798484,5.543119836052
"""Côté Charlemagne"" Centre-ville Garage Piscine Terrasse",9.6,"Côté Charlemagne in Cassis offers a swimming pool with a view, terrace, and free WiFi. Guests can relax in the solarium and enjoy garden, pool, and mountain views.","Résidence Le Club, 13 avenue Jules Ferry, 13260 Cassis, France",https://www.booking.com/hotel/fr/studio-le-club-cassis1.en-gb.html?aid=304142&label=gen173nr-10CAQoggJCDXNlYXJjaF9jYXNzaXNIM1gEaE2IAQGYATO4ARfIAQzYAQPoAQH4AQGIAgGoAgG4Ao3y5NEGwAIB0gIkYjM1ZTY1ZGYtY2U4YS00ZDUyLWEyMjUtMTJhNDUxODUyMWU32AIB4AIB&sid=12a55688e1d2b6894e10ab33ddcb4a62&dist=0&group_adults=2&group_children=0&hapos=21&hpos=21&no_rooms=1&req_adults=2&req_children=0&room1=A%2CA&sb_price_type=total&sr_order=popularity&srepoch=1782135056&srpvid=d1a65f065bbd0822&type=total&ucfs=1&,Cassis,43.217954737553136,5.538644125378385
"CASSIS CENTRE Magnifique Appartement à 2 mn de la plage et du Port, tous les commerces à proximité idéalement placé",8.7,"CASSIS CENTRE Magnifique Appartement à 2 mn de la plage et du Port, situated in Cassis, offers beachfront access and proximity to Grande Mer, a five-minute walk away. Nearby attractions include Orange Velodrome Stadium (19 km) and Marseille Provence Airport (46 km).","16 Rue de l'Arène, 13260 Cassis, France",https://www.booking.com/hotel/fr/cassis-t2-dans-le-centre-ville.en-gb.html?aid=304142&label=gen173nr-10CAQoggJCDXNlYXJjaF9jYXNzaXNIM1gEaE2IAQGYATO4ARfIAQzYAQPoAQH4AQGIAgGoAgG4Ao3y5NEGwAIB0gIkYjM1ZTY1ZGYtY2U4YS00ZDUyLWEyMjUtMTJhNDUxODUyMWU32AIB4AIB&sid=12a55688e1d2b6894e10ab33ddcb4a62&dist=0&group_adults=2&group_children=0&hapos=20&hpos=20&no_rooms=1&req_adults=2&req_children=0&room1=A%2CA&sb_price_type=total&sr_order=popularity&srepoch=1782135056&srpvid=d1a65f065bbd0822&type=total&ucfs=1&,Cassis,43.21372233223613,5.540549206745924
Appartement centre du village,9.0,"Appartement centre du village in Cassis offers a one-bedroom apartment with a balcony, washing machine, kitchen, and TV. The living room provides a relaxing space.","16 Rue de l'Arène, 13260 Cassis, France",https://www.booking.com/hotel/fr/appartement-centre-du-village-cassis.en-gb.html?aid=304142&label=gen173nr-10CAQoggJCDXNlYXJjaF9jYXNzaXNIM1gEaE2IAQGYATO4ARfIAQzYAQPoAQH4AQGIAgGoAgG4Ao3y5NEGwAIB0gIkYjM1ZTY1ZGYtY2U4YS00ZDUyLWEyMjUtMTJhNDUxODUyMWU32AIB4AIB&sid=12a55688e1d2b6894e10ab33ddcb4a62&dist=0&group_adults=2&group_children=0&hapos=19&hpos=19&no_rooms=1&req_adults=2&req_children=0&room1=A%2CA&sb_price_type=total&sr_order=popularity&srepoch=1782135056&srpvid=d1a65f065bbd0822&type=total&ucfs=1&,Cassis,43.2136781,5.5405653
La douceur de Cassis,9.3,"La douceur de Cassis in Cassis offers a sun terrace and free WiFi. Guests enjoy sea views, air-conditioning, and a balcony. The apartment includes a washing machine, kitchen with modern appliances, and a dining area.","16 Avenue du Picouveau, 13260 Cassis, France",https://www.booking.com/hotel/fr/la-douceur-de-cassis.en-gb.html?aid=304142&label=gen173nr-10CAQoggJCDXNlYXJjaF9jYXNzaXNIM1gEaE2IAQGYATO4ARfIAQzYAQPoAQH4AQGIAgGoAgG4Ao3y5NEGwAIB0gIkYjM1ZTY1ZGYtY2U4YS00ZDUyLWEyMjUtMTJhNDUxODUyMWU32AIB4AIB&sid=12a55688e1d2b6894e10ab33ddcb4a62&dist=0&group_adults=2&group_children=0&hapos=18&hpos=18&no_rooms=1&req_adults=2&req_children=0&room1=A%2CA&sb_price_type=total&sr_order=popularity&srepoch=1782135056&srpvid=d1a65f065bbd0822&type=total&ucfs=1&,Cassis,43.215009,5.530956
Les Jardins de Cassis - Parking Gratuit & Piscine Chauffée,8.0,"Set in a Mediterranean-style garden with an outdoor heated swimming pool, and featuring a relaxation area with a hot tub and sauna, this hotel is a 10-minute walk from the centre of Cassis and La Grande Mer Beach. It is located 30 minutes from Marseille and offers free WiFi and 2 free secure car parks.

The air-conditioned guest rooms at Les Jardins de Cassis are equipped with a flat-screen TV with satellite channels. All rooms have a private bathroom with a shower and hairdryer and some feature a balcony or a terrace.

A continental buffet breakfast is served each morning in the breakfast room or on the terrace by the pool. Les Jardins de Cassis also features a 24-hour bar, which is situated by the pool and offers a terrace.

During their stay, guests are invited to play sports on the multipurpose sports field.

Cassis Train Station is located 1.9 km from the hotel. Circuit Paul Ricard is 35 minutes' drive away.","197 Avenue Auguste Favier, 13260 Cassis, France",https://www.booking.com/hotel/fr/les-jardins-de-cassis.en-gb.html?aid=304142&label=gen173nr-10CAQoggJCDXNlYXJjaF9jYXNzaXNIM1gEaE2IAQGYATO4ARfIAQzYAQPoAQH4AQGIAgGoAgG4Ao3y5NEGwAIB0gIkYjM1ZTY1ZGYtY2U4YS00ZDUyLWEyMjUtMTJhNDUxODUyMWU32AIB4AIB&sid=12a55688e1d2b6894e10ab33ddcb4a62&dist=0&group_adults=2&group_children=0&hapos=17&hpos=17&no_rooms=1&req_adults=2&req_children=0&room1=A%2CA&sb_price_type=total&sr_order=popularity&srepoch=1782135056&srpvid=d1a65f065bbd0822&type=total&ucfs=1&,Cassis,43.221840494518375,5.543384896958969
L'appartement du plongeur,,L'appartement du plongeur in Cassis offers a spacious apartment with two bedrooms and a bathroom. The terrace and balcony provide ample outdoor space.,"1er étage 19 Bd Jean Jaurès, 13260 Cassis, France",https://www.booking.com/hotel/fr/appartement-du-plongeur.en-gb.html?aid=304142&label=gen173nr-10CAQoggJCDXNlYXJjaF9jYXNzaXNIM1gEaE2IAQGYATO4ARfIAQzYAQPoAQH4AQGIAgGoAgG4Ao3y5NEGwAIB0gIkYjM1ZTY1ZGYtY2U4YS00ZDUyLWEyMjUtMTJhNDUxODUyMWU32AIB4AIB&sid=12a55688e1d2b6894e10ab33ddcb4a62&dist=0&group_adults=2&group_children=0&hapos=16&hpos=16&no_rooms=1&req_adults=2&req_children=0&room1=A%2CA&sb_price_type=total&sr_order=popularity&srepoch=1782135056&srpvid=d1a65f065bbd0822&type=total&ucfs=1&,Cassis,43.2161462443609,5.53503030661339
Best Western Hotel & SPA Coeur De Cassis,8.6,"The Best Western Hotel & SPA Cœur de Cassis welcomes you in the heart of downtown Cassis, in the center of the village, just 200 meters from the port and 300 meters from the beach. It is the ideal starting point for discovering the magnificent Calanques National Park. After a day of exploration, treat yourself to a moment of relaxation in our SPA (access by reservation, not permitted for children under 14), equipped with a jacuzzi, hammam, sauna and sensory shower. Massages are also available by reservation. The establishment, equipped with an elevator, is fully accessible to guests with reduced mobility. All rooms feature air conditioning, free Wi-Fi access, a television and a minibar. You can enjoy a private bathroom equipped with toiletries and a hairdryer. Comfort, Superior rooms as well as Suites also feature a Nespresso coffee machine. A continental buffet breakfast is served every morning in the dining room or on the sunny terrace. The reception, open 24 hours a day, warmly welcomes you and remains at your disposal to advise you and make your stay as pleasant as possible.","2, rue Pierre Eydin, 13260 Cassis, France",https://www.booking.com/hotel/fr/du-grand-jardin.en-gb.html?aid=304142&label=gen173nr-10CAQoggJCDXNlYXJjaF9jYXNzaXNIM1gEaE2IAQGYATO4ARfIAQzYAQPoAQH4AQGIAgGoAgG4Ao3y5NEGwAIB0gIkYjM1ZTY1ZGYtY2U4YS00ZDUyLWEyMjUtMTJhNDUxODUyMWU32AIB4AIB&sid=12a55688e1d2b6894e10ab33ddcb4a62&dist=0&group_adults=2&group_children=0&hapos=15&hpos=15&no_rooms=1&req_adults=2&req_children=0&room1=A%2CA&sb_price_type=total&sr_order=popularity&srepoch=1782135056&srpvid=d1a65f065bbd0822&type=total&ucfs=1&,Cassis,43.21457326278473,5.540146976709366
L'appart Cassis,9.1,"L'appart Cassis in Cassis offers a terrace with city views and a private entrance. The apartment features air-conditioning, a fully equipped kitchen, and a private bathroom.","17 Avenue Victor Hugo, 13260 Cassis, France",https://www.booking.com/hotel/fr/appart-cassis.en-gb.html?aid=304142&label=gen173nr-10CAQoggJCDXNlYXJjaF9jYXNzaXNIM1gEaE2IAQGYATO4ARfIAQzYAQPoAQH4AQGIAgGoAgG4Ao3y5NEGwAIB0gIkYjM1ZTY1ZGYtY2U4YS00ZDUyLWEyMjUtMTJhNDUxODUyMWU32AIB4AIB&sid=12a55688e1d2b6894e10ab33ddcb4a62&dist=0&group_adults=2&group_children=0&hapos=14&hpos=14&no_rooms=1&req_adults=2&req_children=0&room1=A%2CA&sb_price_type=total&sr_order=popularity&srepoch=1782135056&srpvid=d1a65f065bbd0822&type=total&ucfs=1&,Cassis,43.214378,5.5387926
Au son des Cigales,9.0,"Au son des Cigales in Cassis offers a 1-star apartment with one bedroom and one bathroom. The property features a fully equipped kitchen, washing machine, and free WiFi.","étage 2 16 Avenue du Picouveau, 13260 Cassis, France",https://www.booking.com/hotel/fr/au-son-des-cigales-cassis.en-gb.html?aid=304142&label=gen173nr-10CAQoggJCDXNlYXJjaF9jYXNzaXNIM1gEaE2IAQGYATO4ARfIAQzYAQPoAQH4AQGIAgGoAgG4Ao3y5NEGwAIB0gIkYjM1ZTY1ZGYtY2U4YS00ZDUyLWEyMjUtMTJhNDUxODUyMWU32AIB4AIB&sid=12a55688e1d2b6894e10ab33ddcb4a62&dist=0&group_adults=2&group_children=0&hapos=13&hpos=13&no_rooms=1&req_adults=2&req_children=0&room1=A%2CA&sb_price_type=total&sr_order=popularity&srepoch=1782135056&srpvid=d1a65f065bbd0822&type=total&ucfs=1&,Cassis,43.215086781027,5.530949017791
HPC Suites - Cassis Centre - Parking Securisé et Piscine Chauffée,9.1,"HPC Suites - Cassis Centre in Cassis offers family rooms with private bathrooms, air-conditioning, and free WiFi. Each room includes a private pool, balcony, and sea views.","10 Avenue Augustin Isnard, 13260 Cassis, France",https://www.booking.com/hotel/fr/hpc-suites.en-gb.html?aid=304142&label=gen173nr-10CAQoggJCDXNlYXJjaF9jYXNzaXNIM1gEaE2IAQGYATO4ARfIAQzYAQPoAQH4AQGIAgGoAgG4Ao3y5NEGwAIB0gIkYjM1ZTY1ZGYtY2U4YS00ZDUyLWEyMjUtMTJhNDUxODUyMWU32AIB4AIB&sid=12a55688e1d2b6894e10ab33ddcb4a62&dist=0&group_adults=2&group_children=0&hapos=12&hpos=12&no_rooms=1&req_adults=2&req_children=0&room1=A%2CA&sb_price_type=total&sr_order=popularity&srepoch=1782135056&srpvid=d1a65f065bbd0822&type=total&ucfs=1&,Cassis,43.2169052,5.54144610000003
La Cassidaine,9.4,"La Cassidaine in Cassis offers a 3-star apartment with one bedroom and a living room. The terrace provides mountain views, while free WiFi ensures connectivity.","13 Rue de la Ciotat, 13260 Cassis, France",https://www.booking.com/hotel/fr/cassidaine.en-gb.html?aid=304142&label=gen173nr-10CAQoggJCDXNlYXJjaF9jYXNzaXNIM1gEaE2IAQGYATO4ARfIAQzYAQPoAQH4AQGIAgGoAgG4Ao3y5NEGwAIB0gIkYjM1ZTY1ZGYtY2U4YS00ZDUyLWEyMjUtMTJhNDUxODUyMWU32AIB4AIB&sid=12a55688e1d2b6894e10ab33ddcb4a62&dist=0&group_adults=2&group_children=0&hapos=11&hpos=11&no_rooms=1&req_adults=2&req_children=0&room1=A%2CA&sb_price_type=total&sr_order=popularity&srepoch=1782135056&srpvid=d1a65f065bbd0822&type=total&ucfs=1&,Cassis,43.2151861,5.54066280000006
Hotel de La Plage - Mahogany,9.0,"With views of the highest cliff in Europe and over the Mediterranean Sea, Hotel de La Plage - Mahogany is set on the beachfront in Cassis. located 30 metres away. Free WiFi is provided throughout the property.

The contemporary air-conditioned rooms at Hotel de La Plage - Mahogany are equipped a flat-screen TV and a safety deposit box. Each room has a private bathroom with a bath or shower, free toiletries and a hairdryer. Some rooms have a private terrace with a sea view.

There is a lounge bar and a sun deck facing the sea. A continental breakfast is available for an extra charge and includes pastries, fruit, meat, cheese.

Hotel de La Plage - Mahogany is just a 5-minute walk from the Port of Cassis and Marseille is 24 km away. The nearest airport is Marseille Marignane, 54.5 km away. Circuit Paul Ricard is 40 minutes&#39; drive away and Train station Gare St Charles is 32 km from the hotel. A private car park is available at a surcharge and upon availability.","19 Avenue De L'amiral Ganteaume, 13260 Cassis, France",https://www.booking.com/hotel/fr/de-la-plage-cassis.en-gb.html?aid=304142&label=gen173nr-10CAQoggJCDXNlYXJjaF9jYXNzaXNIM1gEaE2IAQGYATO4ARfIAQzYAQPoAQH4AQGIAgGoAgG4Ao3y5NEGwAIB0gIkYjM1ZTY1ZGYtY2U4YS00ZDUyLWEyMjUtMTJhNDUxODUyMWU32AIB4AIB&sid=12a55688e1d2b6894e10ab33ddcb4a62&dist=0&group_adults=2&group_children=0&hapos=10&hpos=10&no_rooms=1&req_adults=2&req_children=0&room1=A%2CA&sb_price_type=total&sr_order=popularity&srepoch=1782135056&srpvid=d1a65f065bbd0822&type=total&ucfs=1&,Cassis,43.213349460527084,5.531262829899788
Best Western Plus Hôtel la Rade,8.8,"Best Western Plus Hôtel la Rade is located 14 metres from the Cassis fishing port and the Bestouan beach. It has an all year round heated swimming pool, a hot tub and terrace that overlooks the Mediterranean Sea.

All rooms at the Hôtel La Rade are soundproofed and equipped with a flat-screen TV with satellite channels. Each room has air conditioning and free Wi-Fi. The suites have a private bathroom with a view of the Cap Canaille.

Breakfast is served daily in the breakfast room with panoramic sea views. The Best Western Plus Hôtel la Rade also provides a bar and a 24-hour reception.

Nearby leisure activities include water sports at the beach, tennis and hiking expeditions through the Calanques rock valley. Cassis town centre is just a 5-minute walk away.

 Circuit Paul Ricard is 40 minutes' drive away.","1, avenue des Dardanelles, 13260 Cassis, France",https://www.booking.com/hotel/fr/la-rade-cassis.en-gb.html?aid=304142&label=gen173nr-10CAQoggJCDXNlYXJjaF9jYXNzaXNIM1gEaE2IAQGYATO4ARfIAQzYAQPoAQH4AQGIAgGoAgG4Ao3y5NEGwAIB0gIkYjM1ZTY1ZGYtY2U4YS00ZDUyLWEyMjUtMTJhNDUxODUyMWU32AIB4AIB&sid=12a55688e1d2b6894e10ab33ddcb4a62&dist=0&group_adults=2&group_children=0&hapos=9&hpos=9&no_rooms=1&req_adults=2&req_children=0&room1=A%2CA&sb_price_type=total&sr_order=popularity&srepoch=1782135056&srpvid=d1a65f065bbd0822&type=total&ucfs=1&,Cassis,43.21522996680949,5.533696934580803
"The Originals Boutique, Hôtel Cassitel, Cassis",8.1,"The Originals Boutique, Hôtel Cassitel, Cassis is located opposite the Cassis fishing harbour, just a 2-minute walk from the beach and 40 minutes' drive from Circuit Paul Ricard. This hotel offers free WiFi access.

All rooms are air-conditioned and come with a private bathroom and a flat-screen TV.

A breakfast buffet is served daily at the The Originals Boutique, Hôtel Cassitel, Cassis and there is also a lounge area. The reception is open 24-hours a day and guests can ask for information regarding their stay in Cassis.

It is a 10-minute drive from the A50 motorway and 25 km from Marseille city centre.","Place Clémenceau, 13260 Cassis, France",https://www.booking.com/hotel/fr/interhotel-cassitel.en-gb.html?aid=304142&label=gen173nr-10CAQoggJCDXNlYXJjaF9jYXNzaXNIM1gEaE2IAQGYATO4ARfIAQzYAQPoAQH4AQGIAgGoAgG4Ao3y5NEGwAIB0gIkYjM1ZTY1ZGYtY2U4YS00ZDUyLWEyMjUtMTJhNDUxODUyMWU32AIB4AIB&sid=12a55688e1d2b6894e10ab33ddcb4a62&dist=0&group_adults=2&group_children=0&hapos=8&hpos=8&no_rooms=1&req_adults=2&req_children=0&room1=A%2CA&sb_price_type=total&sr_order=popularity&srepoch=1782135056&srpvid=d1a65f065bbd0822&type=total&ucfs=1&,Cassis,43.213706213836964,5.538958087563515
Seaview.Cassis,9.3,Seaview.Cassis in Cassis offers direct beachfront access and stunning sea views. Guests enjoy free WiFi in public areas and a balcony for relaxation.,"Residence la rade Avenue de l'Amiral Ganteaume, 13260 Cassis, France",https://www.booking.com/hotel/fr/seaview-cassis.en-gb.html?aid=304142&label=gen173nr-10CAQoggJCDXNlYXJjaF9jYXNzaXNIM1gEaE2IAQGYATO4ARfIAQzYAQPoAQH4AQGIAgGoAgG4Ao3y5NEGwAIB0gIkYjM1ZTY1ZGYtY2U4YS00ZDUyLWEyMjUtMTJhNDUxODUyMWU32AIB4AIB&sid=12a55688e1d2b6894e10ab33ddcb4a62&dist=0&group_adults=2&group_children=0&hapos=7&hpos=7&no_rooms=1&req_adults=2&req_children=0&room1=A%2CA&sb_price_type=total&sr_order=popularity&srepoch=1782135056&srpvid=d1a65f065bbd0822&type=total&ucfs=1&,Cassis,43.2144315,5.5350757999999995
Appart Bianca T2 - Terrasse - Parking - Calme - 1mn de la mer,9.3,Appart Bianca T2 in Cassis offers direct beachfront access with stunning sea views. Guests can relax on the sun terrace or enjoy the outdoor seating area.,"40 Avenue Jean Jacques Garcin, 13260 Cassis, France",https://www.booking.com/hotel/fr/appart-bianca-t2-terrasse-parking-calme-1mn-de-la-mer.en-gb.html?aid=304142&label=gen173nr-10CAQoggJCDXNlYXJjaF9jYXNzaXNIM1gEaE2IAQGYATO4ARfIAQzYAQPoAQH4AQGIAgGoAgG4Ao3y5NEGwAIB0gIkYjM1ZTY1ZGYtY2U4YS00ZDUyLWEyMjUtMTJhNDUxODUyMWU32AIB4AIB&sid=12a55688e1d2b6894e10ab33ddcb4a62&dist=0&group_adults=2&group_children=0&hapos=6&hpos=6&no_rooms=1&req_adults=2&req_children=0&room1=A%2CA&sb_price_type=total&sr_order=popularity&srepoch=1782135056&srpvid=d1a65f065bbd0822&type=total&ucfs=1&,Cassis,43.207747,5.5221918
Villa Bobnell,9.4,Villa Bobnell in Cassis offers a spacious apartment with a garden and terrace. Free WiFi is available throughout the property.,"4 Impasse du 8 mai, 13260 Cassis, France",https://www.booking.com/hotel/fr/villa-bobnell.en-gb.html?aid=304142&label=gen173nr-10CAQoggJCDXNlYXJjaF9jYXNzaXNIM1gEaE2IAQGYATO4ARfIAQzYAQPoAQH4AQGIAgGoAgG4Ao3y5NEGwAIB0gIkYjM1ZTY1ZGYtY2U4YS00ZDUyLWEyMjUtMTJhNDUxODUyMWU32AIB4AIB&sid=12a55688e1d2b6894e10ab33ddcb4a62&dist=0&group_adults=2&group_children=0&hapos=5&hpos=5&no_rooms=1&req_adults=2&req_children=0&room1=A%2CA&sb_price_type=total&sr_order=popularity&srepoch=1782135056&srpvid=d1a65f065bbd0822&type=total&ucfs=1&,Cassis,43.22045190000001,5.536090800000011
Au Petit chez Soi,9.0,Au Petit chez Soi in Cassis offers direct beachfront access and a terrace with stunning sea views. Guests can relax on the patio or dine outdoors in the outdoor dining area.,"Croisement Rue Auguste Vidal, Rue Severin Icard, 13260 Cassis, France",https://www.booking.com/hotel/fr/le-16.en-gb.html?aid=304142&label=gen173nr-10CAQoggJCDXNlYXJjaF9jYXNzaXNIM1gEaE2IAQGYATO4ARfIAQzYAQPoAQH4AQGIAgGoAgG4Ao3y5NEGwAIB0gIkYjM1ZTY1ZGYtY2U4YS00ZDUyLWEyMjUtMTJhNDUxODUyMWU32AIB4AIB&sid=12a55688e1d2b6894e10ab33ddcb4a62&dist=0&group_adults=2&group_children=0&hapos=4&hpos=4&no_rooms=1&req_adults=2&req_children=0&room1=A%2CA&sb_price_type=total&sr_order=popularity&srepoch=1782135056&srpvid=d1a65f065bbd0822&type=total&ucfs=1&,Cassis,43.215481591153036,5.537836249826569
Cassis Hostel,9.4,"Cassis Hostel in Cassis offers family rooms with private bathrooms. Each room includes a private entrance, garden views, and tiled floors.","4 avenue du Picouveau, 13260 Cassis, France",https://www.booking.com/hotel/fr/cassis-hostel.en-gb.html?aid=304142&label=gen173nr-10CAQoggJCDXNlYXJjaF9jYXNzaXNIM1gEaE2IAQGYATO4ARfIAQzYAQPoAQH4AQGIAgGoAgG4Ao3y5NEGwAIB0gIkYjM1ZTY1ZGYtY2U4YS00ZDUyLWEyMjUtMTJhNDUxODUyMWU32AIB4AIB&sid=12a55688e1d2b6894e10ab33ddcb4a62&dist=0&group_adults=2&group_children=0&hapos=3&hpos=3&no_rooms=1&req_adults=2&req_children=0&room1=A%2CA&sb_price_type=total&sr_order=popularity&srepoch=1782135056&srpvid=d1a65f065bbd0822&type=total&ucfs=1&,Cassis,43.21634592786943,5.5328138172626495
"L’Aiguade, appartement d'exception à Cassis",9.6,"L’Aiguade in Cassis offers direct beachfront access with stunning sea views. Guests can relax on the sun terrace or in the garden, enjoying the serene surroundings.","12 Avenue de l'Amiral Ganteaume, 13260 Cassis, France",https://www.booking.com/hotel/fr/aiguade-appartement-d-exception-a-cassis.en-gb.html?aid=304142&label=gen173nr-10CAQoggJCDXNlYXJjaF9jYXNzaXNIM1gEaE2IAQGYATO4ARfIAQzYAQPoAQH4AQGIAgGoAgG4Ao3y5NEGwAIB0gIkYjM1ZTY1ZGYtY2U4YS00ZDUyLWEyMjUtMTJhNDUxODUyMWU32AIB4AIB&sid=12a55688e1d2b6894e10ab33ddcb4a62&dist=0&group_adults=2&group_children=0&hapos=2&hpos=2&no_rooms=1&req_adults=2&req_children=0&room1=A%2CA&sb_price_type=total&sr_order=popularity&srepoch=1782135056&srpvid=d1a65f065bbd0822&type=total&ucfs=1&,Cassis,43.2141154,5.5338211
Hotel Le Golfe,8.3,"Situated on the fishing port of Cassis, Hotel Le Golfe is just 400 metres from the sandy beach. It features an ice-cream parlour and a shaded terrace overlooking the harbour.

A flat-screen TV is provided in each air-conditioned guest room. Some rooms feature a balcony with sea views. All of the rooms have a simple décor and a private bathroom with amenities.

Provencal cuisine, including seafood and salads, is served in the restaurant at Le Golfe hotel. A buffet breakfast is prepared every morning.

There is a Provencal market in the village every Wednesday and Friday morning. Cassis Train Station is 3 km from the hotel and Marseille is 28 km away.","3, Place Grand Carnot, 13260 Cassis, France",https://www.booking.com/hotel/fr/le-golfe-cassis.en-gb.html?aid=304142&label=gen173nr-10CAQoggJCDXNlYXJjaF9jYXNzaXNIM1gEaE2IAQGYATO4ARfIAQzYAQPoAQH4AQGIAgGoAgG4Ao3y5NEGwAIB0gIkYjM1ZTY1ZGYtY2U4YS00ZDUyLWEyMjUtMTJhNDUxODUyMWU32AIB4AIB&sid=12a55688e1d2b6894e10ab33ddcb4a62&dist=0&group_adults=2&group_children=0&hapos=1&hpos=1&no_rooms=1&req_adults=2&req_children=0&room1=A%2CA&sb_price_type=total&sr_order=popularity&srepoch=1782135056&srpvid=d1a65f065bbd0822&type=total&ucfs=1&,Cassis,43.21443437507463,5.535294860601425
Résidence St Vincent,8.2,Résidence St Vincent in Collioure offers a unique apartment experience within a historic building. Guests enjoy a central location with easy access to local attractions.,"9 rue saint vincent, 66190 Collioure, France",https://www.booking.com/hotel/fr/residence-saint-vincent.en-gb.html?aid=304142&label=gen173nr-10CAQoggJCEHNlYXJjaF9jb2xsaW91cmVIM1gEaE2IAQGYATO4ARfIAQzYAQPoAQH4AQGIAgGoAgG4Aojy5NEGwAIB0gIkZDE2YzE4NjgtYzY4OS00OTI0LTk0NDItMTk4YWI1NTRkOTdi2AIB4AIB&sid=12a55688e1d2b6894e10ab33ddcb4a62&dist=0&group_adults=2&group_children=0&hapos=24&hpos=24&no_rooms=1&req_adults=2&req_children=0&room1=A%2CA&sb_price_type=total&sr_order=popularity&srepoch=1782135050&srpvid=a9d55f04708c06f8&type=total&ucfs=1&,Collioure,42.527300950061466,3.0842326802181788
Chambres Rue de la République,8.2,"Chambres Rue de la République in Collioure offers comfortable rooms with air-conditioning, private bathrooms, and balconies. Each room includes a work desk, TV, and free toiletries.","16 Rue de la République, 66190 Collioure, France",https://www.booking.com/hotel/fr/chambres-rue-de-la-republique.en-gb.html?aid=304142&label=gen173nr-10CAQoggJCEHNlYXJjaF9jb2xsaW91cmVIM1gEaE2IAQGYATO4ARfIAQzYAQPoAQH4AQGIAgGoAgG4Aojy5NEGwAIB0gIkZDE2YzE4NjgtYzY4OS00OTI0LTk0NDItMTk4YWI1NTRkOTdi2AIB4AIB&sid=12a55688e1d2b6894e10ab33ddcb4a62&dist=0&group_adults=2&group_children=0&hapos=23&hpos=23&no_rooms=1&req_adults=2&req_children=0&room1=A%2CA&sb_price_type=total&sr_order=popularity&srepoch=1782135050&srpvid=a9d55f04708c06f8&type=total&ucfs=1&,Collioure,42.52556369773399,3.0827967208667815
ROCADE DE COLLIOURE appt T4 avec grande terrasse et garage,8.8,ROCADE DE COLLIOURE appt T4 avec grande terrasse et garage in Collioure offers direct beachfront access and a spacious sun terrace. Guests can enjoy sea views and relax in the outdoor seating area.,"602B Rue Romain Rolland, 66190 Collioure, France",https://www.booking.com/hotel/fr/rocade-de-collioure.en-gb.html?aid=304142&label=gen173nr-10CAQoggJCEHNlYXJjaF9jb2xsaW91cmVIM1gEaE2IAQGYATO4ARfIAQzYAQPoAQH4AQGIAgGoAgG4Aojy5NEGwAIB0gIkZDE2YzE4NjgtYzY4OS00OTI0LTk0NDItMTk4YWI1NTRkOTdi2AIB4AIB&sid=12a55688e1d2b6894e10ab33ddcb4a62&dist=0&group_adults=2&group_children=0&hapos=22&hpos=22&no_rooms=1&req_adults=2&req_children=0&room1=A%2CA&sb_price_type=total&sr_order=popularity&srepoch=1782135050&srpvid=a9d55f04708c06f8&type=total&ucfs=1&,Collioure,42.527943674455,3.077736191525
LES BATTERIES bord de mer,8.4,"LES BATTERIES bord de mer in Collioure offers a one-bedroom apartment with a terrace and free WiFi. The living room includes air-conditioning, a washing machine, and a fully equipped kitchen.","40 24 Cae de la Seca Llarga, 66190 Collioure, France",https://www.booking.com/hotel/fr/pleasant-beachfront-apartment.en-gb.html?aid=304142&label=gen173nr-10CAQoggJCEHNlYXJjaF9jb2xsaW91cmVIM1gEaE2IAQGYATO4ARfIAQzYAQPoAQH4AQGIAgGoAgG4Aojy5NEGwAIB0gIkZDE2YzE4NjgtYzY4OS00OTI0LTk0NDItMTk4YWI1NTRkOTdi2AIB4AIB&sid=12a55688e1d2b6894e10ab33ddcb4a62&dist=0&group_adults=2&group_children=0&hapos=21&hpos=21&no_rooms=1&req_adults=2&req_children=0&room1=A%2CA&sb_price_type=total&sr_order=popularity&srepoch=1782135050&srpvid=a9d55f04708c06f8&type=total&ucfs=1&,Collioure,42.5244979,3.0970643
Hotel Méditerranée,8.0,"Featuring a Mediterranean garden and a terrace, Hotel Méditerranée offers accommodation in Collioure, a 5-minute walk from the nearest beach. Free WiFi is available throughout the property and private parking is available on site.

Every air-conditioned room has a balcony and is equipped with a flat-screen TV with satellite channels. The rooms also feature a fridge, a telephone and a safety deposit box. All rooms have a bathroom with a bath or shower.

A buffet breakfast is available every morning and guests can eat breakfast on the terrace in fine weather.

There is luggage storage space at the property.

Argèles-sur-Mer is 7.3 km away and the Spanish border is 26 km away. The nearest airport is Perpignan - Rivesaltes Airport, 38 km from the property.","Avenue Aristide Maillol, 66190 Collioure, France",https://www.booking.com/hotel/fr/mediterranee-collioure.en-gb.html?aid=304142&label=gen173nr-10CAQoggJCEHNlYXJjaF9jb2xsaW91cmVIM1gEaE2IAQGYATO4ARfIAQzYAQPoAQH4AQGIAgGoAgG4Aojy5NEGwAIB0gIkZDE2YzE4NjgtYzY4OS00OTI0LTk0NDItMTk4YWI1NTRkOTdi2AIB4AIB&sid=12a55688e1d2b6894e10ab33ddcb4a62&dist=0&group_adults=2&group_children=0&hapos=20&hpos=20&no_rooms=1&req_adults=2&req_children=0&room1=A%2CA&sb_price_type=total&sr_order=popularity&srepoch=1782135050&srpvid=a9d55f04708c06f8&type=total&ucfs=1&,Collioure,42.52708253934128,3.080262914299965
Joli appartement près plage deux chambres quatre personnes,8.7,"Joli appartement près plage deux chambres quatre personnes in Collioure offers two bedrooms and a bathroom. The apartment includes family rooms, a private entrance, and a quiet street view.","1Et 29 rue Marceau, 66190 Collioure, France",https://www.booking.com/hotel/fr/joli-appartement-pres-plage-deux-chambres-quatre-personnes.en-gb.html?aid=304142&label=gen173nr-10CAQoggJCEHNlYXJjaF9jb2xsaW91cmVIM1gEaE2IAQGYATO4ARfIAQzYAQPoAQH4AQGIAgGoAgG4Aojy5NEGwAIB0gIkZDE2YzE4NjgtYzY4OS00OTI0LTk0NDItMTk4YWI1NTRkOTdi2AIB4AIB&sid=12a55688e1d2b6894e10ab33ddcb4a62&dist=0&group_adults=2&group_children=0&hapos=19&hpos=19&no_rooms=1&req_adults=2&req_children=0&room1=A%2CA&sb_price_type=total&sr_order=popularity&srepoch=1782135050&srpvid=a9d55f04708c06f8&type=total&ucfs=1&,Collioure,42.52348633563764,3.0841717396424473
Escarbat,,"Escarbat in Collioure offers a one-bedroom apartment with a terrace and free WiFi. The living room includes air-conditioning, a washing machine, and a fully equipped kitchen.","Escarbat, bât 3, apt 111 Résidence Val Saint-Elme, 66190 Collioure, France",https://www.booking.com/hotel/fr/escarbat.en-gb.html?aid=304142&label=gen173nr-10CAQoggJCEHNlYXJjaF9jb2xsaW91cmVIM1gEaE2IAQGYATO4ARfIAQzYAQPoAQH4AQGIAgGoAgG4Aojy5NEGwAIB0gIkZDE2YzE4NjgtYzY4OS00OTI0LTk0NDItMTk4YWI1NTRkOTdi2AIB4AIB&sid=12a55688e1d2b6894e10ab33ddcb4a62&dist=0&group_adults=2&group_children=0&hapos=18&hpos=18&no_rooms=1&req_adults=2&req_children=0&room1=A%2CA&sb_price_type=total&sr_order=popularity&srepoch=1782135050&srpvid=a9d55f04708c06f8&type=total&ucfs=1&,Collioure,42.522157,3.0870453
Le Relais Des Trois Mas,8.8,"Boasting a swimming pool on a terrace looking out onto the Mediterranean Sea, Le Relais Des Trois Mas features comfortable accommodation and a Provencal setting. All the rooms are only accessible by stairs.

Under the shade of 100-year old pine trees, the personalised rooms offer a superb view of the Bay of Collioure and the church Notre Dame des Anges. They all feature a minibar, air conditioning and facilities for making tea and coffee.

The restaurant, La Balette, is one of the most valued in the area. It boasts unrestricted views of the bay and serves delicious gourmet cuisine complemented by excellent Collioure wines.","Route De Port Vendres, 66190 Collioure, France",https://www.booking.com/hotel/fr/le-relais-des-trois-mas.en-gb.html?aid=304142&label=gen173nr-10CAQoggJCEHNlYXJjaF9jb2xsaW91cmVIM1gEaE2IAQGYATO4ARfIAQzYAQPoAQH4AQGIAgGoAgG4Aojy5NEGwAIB0gIkZDE2YzE4NjgtYzY4OS00OTI0LTk0NDItMTk4YWI1NTRkOTdi2AIB4AIB&sid=12a55688e1d2b6894e10ab33ddcb4a62&dist=0&group_adults=2&group_children=0&hapos=17&hpos=17&no_rooms=1&req_adults=2&req_children=0&room1=A%2CA&sb_price_type=total&sr_order=popularity&srepoch=1782135050&srpvid=a9d55f04708c06f8&type=total&ucfs=1&,Collioure,42.52417280573015,3.0893106758594513
La Frégate,8.2,"La Frégate in Collioure offers air-conditioned rooms with private bathrooms, city views, and modern amenities. Each room includes a work desk, wardrobe, and TV.","24 Boulevard Camille Pelletan, 66190 Collioure, France",https://www.booking.com/hotel/fr/la-fra-c-gate-collioure.en-gb.html?aid=304142&label=gen173nr-10CAQoggJCEHNlYXJjaF9jb2xsaW91cmVIM1gEaE2IAQGYATO4ARfIAQzYAQPoAQH4AQGIAgGoAgG4Aojy5NEGwAIB0gIkZDE2YzE4NjgtYzY4OS00OTI0LTk0NDItMTk4YWI1NTRkOTdi2AIB4AIB&sid=12a55688e1d2b6894e10ab33ddcb4a62&dist=0&group_adults=2&group_children=0&hapos=16&hpos=16&no_rooms=1&req_adults=2&req_children=0&room1=A%2CA&sb_price_type=total&sr_order=popularity&srepoch=1782135050&srpvid=a9d55f04708c06f8&type=total&ucfs=1&,Collioure,42.52638625163285,3.083256594836712
"Appart T3, 60m2,quartier calme,idéal tout à pieds résidence et parking privé les cadenisses",8.6,Appart T3 in Collioure offers a spacious apartment with two bedrooms and two bathrooms. The ground-floor unit features a living room with a sofa bed and a dining area.,"Bat B Appt n° 118 27 Rue Romain Rolland, 66190 Collioure, France",https://www.booking.com/hotel/fr/espace-et-confort-quartier-calme-ideal-tout-a-pieds.en-gb.html?aid=304142&label=gen173nr-10CAQoggJCEHNlYXJjaF9jb2xsaW91cmVIM1gEaE2IAQGYATO4ARfIAQzYAQPoAQH4AQGIAgGoAgG4Aojy5NEGwAIB0gIkZDE2YzE4NjgtYzY4OS00OTI0LTk0NDItMTk4YWI1NTRkOTdi2AIB4AIB&sid=12a55688e1d2b6894e10ab33ddcb4a62&dist=0&group_adults=2&group_children=0&hapos=15&hpos=15&no_rooms=1&req_adults=2&req_children=0&room1=A%2CA&sb_price_type=total&sr_order=popularity&srepoch=1782135050&srpvid=a9d55f04708c06f8&type=total&ucfs=1&,Collioure,42.528908293531,3.077577378821
Appartement Centre COLLIOURE CLIM PATIO WIFI,9.1,"Appartement Centre COLLIOURE CLIM PATIO WIFI in Collioure offers direct beachfront access with Boramar Beach just a 3-minute walk away. Guests can relax on the sun terrace or in the garden, enjoying stunning sea views.","9 Avenue du Miradou, 66190 Collioure, France",https://www.booking.com/hotel/fr/appartement-centre-collioure-patio-wifi-clim.en-gb.html?aid=304142&label=gen173nr-10CAQoggJCEHNlYXJjaF9jb2xsaW91cmVIM1gEaE2IAQGYATO4ARfIAQzYAQPoAQH4AQGIAgGoAgG4Aojy5NEGwAIB0gIkZDE2YzE4NjgtYzY4OS00OTI0LTk0NDItMTk4YWI1NTRkOTdi2AIB4AIB&sid=12a55688e1d2b6894e10ab33ddcb4a62&dist=0&group_adults=2&group_children=0&hapos=14&hpos=14&no_rooms=1&req_adults=2&req_children=0&room1=A%2CA&sb_price_type=total&sr_order=popularity&srepoch=1782135050&srpvid=a9d55f04708c06f8&type=total&ucfs=1&,Collioure,42.527392290863,3.082283396313
Ibanova Appartements,8.7,"Ibanova Appartements in Collioure offers direct beachfront access and stunning sea views. Port Avall Beach is just a 3-minute walk away, while Collioure Royal Castle lies 500 metres nearby.","3 Rue du Soleil, 66190 Collioure, France",https://www.booking.com/hotel/fr/ibanova.en-gb.html?aid=304142&label=gen173nr-10CAQoggJCEHNlYXJjaF9jb2xsaW91cmVIM1gEaE2IAQGYATO4ARfIAQzYAQPoAQH4AQGIAgGoAgG4Aojy5NEGwAIB0gIkZDE2YzE4NjgtYzY4OS00OTI0LTk0NDItMTk4YWI1NTRkOTdi2AIB4AIB&sid=12a55688e1d2b6894e10ab33ddcb4a62&dist=0&group_adults=2&group_children=0&hapos=13&hpos=13&no_rooms=1&req_adults=2&req_children=0&room1=A%2CA&sb_price_type=total&sr_order=popularity&srepoch=1782135050&srpvid=a9d55f04708c06f8&type=total&ucfs=1&,Collioure,42.5231333,3.0855761
Les Roches Brunes,9.2,"Les Roches Brunes in Collioure offers a 4-star hotel experience with a sun terrace, garden, restaurant, bar, and free WiFi in public areas.","Route de Port-Vendres, 66190 Collioure, France",https://www.booking.com/hotel/fr/les-roches-brunes-collioure.en-gb.html?aid=304142&label=gen173nr-10CAQoggJCEHNlYXJjaF9jb2xsaW91cmVIM1gEaE2IAQGYATO4ARfIAQzYAQPoAQH4AQGIAgGoAgG4Aojy5NEGwAIB0gIkZDE2YzE4NjgtYzY4OS00OTI0LTk0NDItMTk4YWI1NTRkOTdi2AIB4AIB&sid=12a55688e1d2b6894e10ab33ddcb4a62&dist=0&group_adults=2&group_children=0&hapos=12&hpos=12&no_rooms=1&req_adults=2&req_children=0&room1=A%2CA&sb_price_type=total&sr_order=popularity&srepoch=1782135050&srpvid=a9d55f04708c06f8&type=total&ucfs=1&,Collioure,42.52534777273077,3.0903244632682725
Soy Collioure,,"Soy Collioure offers a spacious holiday home in Collioure, France. The property features one bedroom and one bathroom, providing ample space for guests.","16 16 Rue Lamartine, 66190 Collioure, France",https://www.booking.com/hotel/fr/soy-collioure.en-gb.html?aid=304142&label=gen173nr-10CAQoggJCEHNlYXJjaF9jb2xsaW91cmVIM1gEaE2IAQGYATO4ARfIAQzYAQPoAQH4AQGIAgGoAgG4Aojy5NEGwAIB0gIkZDE2YzE4NjgtYzY4OS00OTI0LTk0NDItMTk4YWI1NTRkOTdi2AIB4AIB&sid=12a55688e1d2b6894e10ab33ddcb4a62&dist=0&group_adults=2&group_children=0&hapos=11&hpos=11&no_rooms=1&req_adults=2&req_children=0&room1=A%2CA&sb_price_type=total&sr_order=popularity&srepoch=1782135050&srpvid=a9d55f04708c06f8&type=total&ucfs=1&,Collioure,42.5236757,3.0827315
Camping Les Amandiers,8.5,Camping Les Amandiers in Collioure offers direct beachfront access with Ouille Beach just a 9-minute walk away. Guests can enjoy stunning garden views and relax on the terrace.,"chemin de l'ouille 1318 Camping les Amandiers, 66190 Collioure, France",https://www.booking.com/hotel/fr/camping-les-amandiers-collioure.en-gb.html?aid=304142&label=gen173nr-10CAQoggJCEHNlYXJjaF9jb2xsaW91cmVIM1gEaE2IAQGYATO4ARfIAQzYAQPoAQH4AQGIAgGoAgG4Aojy5NEGwAIB0gIkZDE2YzE4NjgtYzY4OS00OTI0LTk0NDItMTk4YWI1NTRkOTdi2AIB4AIB&sid=12a55688e1d2b6894e10ab33ddcb4a62&dist=0&group_adults=2&group_children=0&hapos=10&hpos=10&no_rooms=1&req_adults=2&req_children=0&room1=A%2CA&sb_price_type=total&sr_order=popularity&srepoch=1782135050&srpvid=a9d55f04708c06f8&type=total&ucfs=1&,Collioure,42.531372781541,3.07174246946001
Jetez l'ancre dans notre maison de pêcheur !,9.2,"Jetez l'ancre dans notre maison de pêcheur! in Collioure offers a 2-star holiday home with two bedrooms and a living room. The property includes a balcony with a quiet street view, air-conditioning, and parquet floors.","35 Rue de la Convention, 66190 Collioure, France",https://www.booking.com/hotel/fr/jetez-l-39-ancre-dans-notre-maison-de-pecheur.en-gb.html?aid=304142&label=gen173nr-10CAQoggJCEHNlYXJjaF9jb2xsaW91cmVIM1gEaE2IAQGYATO4ARfIAQzYAQPoAQH4AQGIAgGoAgG4Aojy5NEGwAIB0gIkZDE2YzE4NjgtYzY4OS00OTI0LTk0NDItMTk4YWI1NTRkOTdi2AIB4AIB&sid=12a55688e1d2b6894e10ab33ddcb4a62&dist=0&group_adults=2&group_children=0&hapos=9&hpos=9&no_rooms=1&req_adults=2&req_children=0&room1=A%2CA&sb_price_type=total&sr_order=popularity&srepoch=1782135050&srpvid=a9d55f04708c06f8&type=total&ucfs=1&,Collioure,42.5234555,3.0855069
2VSE-ALZ07 Studio dans résidence calme proche plage Collioure,7.9,"2VSE-ALZ07 Studio dans résidence calme proche plage Collioure offers a ground-floor apartment in Collioure. The property features a terrace and an outdoor seating area, providing a relaxing environment.","RESIDENCE DU VAL SAINT ELME, 66190 Collioure, France",https://www.booking.com/hotel/fr/2vse-alz07-studio-dans-residence-calme-proche-plage-collioure.en-gb.html?aid=304142&label=gen173nr-10CAQoggJCEHNlYXJjaF9jb2xsaW91cmVIM1gEaE2IAQGYATO4ARfIAQzYAQPoAQH4AQGIAgGoAgG4Aojy5NEGwAIB0gIkZDE2YzE4NjgtYzY4OS00OTI0LTk0NDItMTk4YWI1NTRkOTdi2AIB4AIB&sid=12a55688e1d2b6894e10ab33ddcb4a62&dist=0&group_adults=2&group_children=0&hapos=8&hpos=8&no_rooms=1&req_adults=2&req_children=0&room1=A%2CA&sb_price_type=total&sr_order=popularity&srepoch=1782135050&srpvid=a9d55f04708c06f8&type=total&ucfs=1&,Collioure,42.521538,3.086987
Logement 50 m de la plage Arrivée et Départ Autonome,9.0,"Logement 50 m de la plage Arrivée et Départ Autonome in Collioure offers direct beachfront access and free WiFi. Port Avall Beach is just a few steps away, while Collioure Royal Castle is a 5-minute walk.","11 Rue Voltaire, 66190 Collioure, France",https://www.booking.com/hotel/fr/logement-en-bord-de-mer.en-gb.html?aid=304142&label=gen173nr-10CAQoggJCEHNlYXJjaF9jb2xsaW91cmVIM1gEaE2IAQGYATO4ARfIAQzYAQPoAQH4AQGIAgGoAgG4Aojy5NEGwAIB0gIkZDE2YzE4NjgtYzY4OS00OTI0LTk0NDItMTk4YWI1NTRkOTdi2AIB4AIB&sid=12a55688e1d2b6894e10ab33ddcb4a62&dist=0&group_adults=2&group_children=0&hapos=7&hpos=7&no_rooms=1&req_adults=2&req_children=0&room1=A%2CA&sb_price_type=total&sr_order=popularity&srepoch=1782135050&srpvid=a9d55f04708c06f8&type=total&ucfs=1&,Collioure,42.5238601,3.0839396
Studio cosy Résidence St Elme avec parking et WIFI à 5min de la plage,8.5,Studio cosy Résidence St Elme avec parking et WIFI à 5min de la plage in Collioure offers a comfortable apartment with free WiFi and free on-site private parking.,"Résidence Val St Elme, 66190 Collioure, France",https://www.booking.com/hotel/fr/charmant-studio-residence-st-elme-pkg-wif-50m-plage.en-gb.html?aid=304142&label=gen173nr-10CAQoggJCEHNlYXJjaF9jb2xsaW91cmVIM1gEaE2IAQGYATO4ARfIAQzYAQPoAQH4AQGIAgGoAgG4Aojy5NEGwAIB0gIkZDE2YzE4NjgtYzY4OS00OTI0LTk0NDItMTk4YWI1NTRkOTdi2AIB4AIB&sid=12a55688e1d2b6894e10ab33ddcb4a62&dist=0&group_adults=2&group_children=0&hapos=6&hpos=6&no_rooms=1&req_adults=2&req_children=0&room1=A%2CA&sb_price_type=total&sr_order=popularity&srepoch=1782135050&srpvid=a9d55f04708c06f8&type=total&ucfs=1&,Collioure,42.520944567338,3.087079471758
Charmant Studio près de la Plage,8.4,"Charmant Studio près de la Plage in Collioure offers direct beachfront access. Port Avall Beach is a 4-minute walk away, while Collioure Royal Castle lies 600 metres nearby.","1er droite 5 Rue Edgard Quinet, 66190 Collioure, France",https://www.booking.com/hotel/fr/charmant-studio-pres-de-la-plage-collioure.en-gb.html?aid=304142&label=gen173nr-10CAQoggJCEHNlYXJjaF9jb2xsaW91cmVIM1gEaE2IAQGYATO4ARfIAQzYAQPoAQH4AQGIAgGoAgG4Aojy5NEGwAIB0gIkZDE2YzE4NjgtYzY4OS00OTI0LTk0NDItMTk4YWI1NTRkOTdi2AIB4AIB&sid=12a55688e1d2b6894e10ab33ddcb4a62&dist=0&group_adults=2&group_children=0&hapos=5&hpos=5&no_rooms=1&req_adults=2&req_children=0&room1=A%2CA&sb_price_type=total&sr_order=popularity&srepoch=1782135050&srpvid=a9d55f04708c06f8&type=total&ucfs=1&,Collioure,42.522979,3.086112
APP' ART CENTRE PLAGE + PARKING GRATUIT,8.7,APP' ART CENTRE PLAGE + PARKING GRATUIT in Collioure offers direct beachfront access and stunning sea views. Guests enjoy free WiFi throughout the apartment.,"13 Rue du Coma-Cheric, 66190 Collioure, France",https://www.booking.com/hotel/fr/app-art-centre-plage-parking-gratuit.en-gb.html?aid=304142&label=gen173nr-10CAQoggJCEHNlYXJjaF9jb2xsaW91cmVIM1gEaE2IAQGYATO4ARfIAQzYAQPoAQH4AQGIAgGoAgG4Aojy5NEGwAIB0gIkZDE2YzE4NjgtYzY4OS00OTI0LTk0NDItMTk4YWI1NTRkOTdi2AIB4AIB&sid=12a55688e1d2b6894e10ab33ddcb4a62&dist=0&group_adults=2&group_children=0&hapos=4&hpos=4&no_rooms=1&req_adults=2&req_children=0&room1=A%2CA&sb_price_type=total&sr_order=popularity&srepoch=1782135050&srpvid=a9d55f04708c06f8&type=total&ucfs=1&,Collioure,42.5233452832972,3.08696843573436
Residence Pierre & Vacances Les Balcons de Collioure,8.4,"Residence Pierre & Vacances Les Balcons de Collioure offers comfortable self-catering accommodation, located just 500 metres from the beach. Its solarium offers magnificent views over the bay.

The studios are equipped with a flat-screen TV, en suite bathroom and kitchenette with a dishwasher. You can borrow board games for free.

Baked goods can be delivered to your apartment by placing an order with reception the evening before. A bakery menu is available in the apartment and at reception. This service is at an additional cost.

Residence Pierre & Vacances Les Balcons de Collioure is a short walk from the centre of Collioure, where shops and restaurants can be found. It is just 27 km away from Perpignan. Private, covered parking is possible on site at a surcharge.","28, route de Port Vendres, 66190 Collioure, France",https://www.booking.com/hotel/fr/maevabalconsdecollioure.en-gb.html?aid=304142&label=gen173nr-10CAQoggJCEHNlYXJjaF9jb2xsaW91cmVIM1gEaE2IAQGYATO4ARfIAQzYAQPoAQH4AQGIAgGoAgG4Aojy5NEGwAIB0gIkZDE2YzE4NjgtYzY4OS00OTI0LTk0NDItMTk4YWI1NTRkOTdi2AIB4AIB&sid=12a55688e1d2b6894e10ab33ddcb4a62&dist=0&group_adults=2&group_children=0&hapos=3&hpos=3&no_rooms=1&req_adults=2&req_children=0&room1=A%2CA&sb_price_type=total&sr_order=popularity&srepoch=1782135050&srpvid=a9d55f04708c06f8&type=total&ucfs=1&,Collioure,42.525106327083726,3.0904361978173256
Studio Centre Plage parking gratuit,9.1,"Studio Centre Plage parking gratuit in Collioure offers a one-bedroom apartment with a living room. The property features a kitchenette, kitchen, and dining area. Free WiFi is available throughout the apartment.","1er Étage 13 Rue Coma Cheric, 66190 Collioure, France",https://www.booking.com/hotel/fr/studio-centre-plage-collioure.en-gb.html?aid=304142&label=gen173nr-10CAQoggJCEHNlYXJjaF9jb2xsaW91cmVIM1gEaE2IAQGYATO4ARfIAQzYAQPoAQH4AQGIAgGoAgG4Aojy5NEGwAIB0gIkZDE2YzE4NjgtYzY4OS00OTI0LTk0NDItMTk4YWI1NTRkOTdi2AIB4AIB&sid=12a55688e1d2b6894e10ab33ddcb4a62&dist=0&group_adults=2&group_children=0&hapos=2&hpos=2&no_rooms=1&req_adults=2&req_children=0&room1=A%2CA&sb_price_type=total&sr_order=popularity&srepoch=1782135050&srpvid=a9d55f04708c06f8&type=total&ucfs=1&,Collioure,42.522987676567986,3.087329664129035
Hôtel Princes de Catalogne,8.4,"Situated on a quiet square in picturesque Collioure, this hotel is located a 400 metres from the beach. The hotel was renovated in early 2021 and features a contemporary style.

All rooms at the Hôtel Princes de Catalogne are air-conditioned and have views of the mountains, Fort Miradou or of a quiet street. They are equipped with TV and free Wi-Fi internet access.

Staff at the Hôtel Princes will be happy to help you organise excursions, guided visits or other activities such as seawater therapy and climbing.","Rue Des Palmiers, 66190 Collioure, France",https://www.booking.com/hotel/fr/princes-de-catalogne.en-gb.html?aid=304142&label=gen173nr-10CAQoggJCEHNlYXJjaF9jb2xsaW91cmVIM1gEaE2IAQGYATO4ARfIAQzYAQPoAQH4AQGIAgGoAgG4Aojy5NEGwAIB0gIkZDE2YzE4NjgtYzY4OS00OTI0LTk0NDItMTk4YWI1NTRkOTdi2AIB4AIB&sid=12a55688e1d2b6894e10ab33ddcb4a62&dist=0&group_adults=2&group_children=0&hapos=1&hpos=1&no_rooms=1&req_adults=2&req_children=0&room1=A%2CA&sb_price_type=total&sr_order=popularity&srepoch=1782135050&srpvid=a9d55f04708c06f8&type=total&ucfs=1&,Collioure,42.525914313393564,3.0826815962791443
Ibis Budget Marseille Timone,6.9,"Ibis Budget Marseille Timone is located in Marseille, a 5-minute walk from Vallier Stadium. Free WiFi access is available. Private bathroom also comes with a shower. The property is 3 km from Le Dôme Concert Hall, Vélodrome Stadium and Parc Chanot.

The hotel is 500 metres from La Timone Metro Station, 1.7 km from Castellane Metro Station and 2.1 km from Vieux Port Metro station. Marseille Provence Airport is 22 km away.","69, Boulevard Sakakini, Saint-Pierre, 13005 Marseille, France",https://www.booking.com/hotel/fr/ibis-budget-marseille-timone.en-gb.html?aid=304142&label=gen173nr-10CAQoggJCEHNlYXJjaF9tYXJzZWlsbGVIM1gEaE2IAQGYATO4ARfIAQzYAQPoAQH4AQGIAgGoAgG4Aob05NEGwAIB0gIkZmY4ZGI5MzctZjU3Mi00YTVlLTgyMGMtNzcwOTM1ZmViNzNi2AIB4AIB&sid=12a55688e1d2b6894e10ab33ddcb4a62&dist=0&group_adults=2&group_children=0&hapos=25&hpos=25&no_rooms=1&req_adults=2&req_children=0&room1=A%2CA&sb_price_type=total&sr_order=popularity&srepoch=1782135304&srpvid=0cab5f83d6ba0a1f&type=total&ucfs=1&,Marseille,43.295242,5.400739
Maison Olea,9.6,"Maison Olea in Marseille offers a recently renovated bed and breakfast with a garden and terrace. Guests enjoy free WiFi, private bathrooms with walk-in showers, and work desks.","7 Adolphe Thiers, 13001 Marseille, France",https://www.booking.com/hotel/fr/maison-olea-marseille.en-gb.html?aid=304142&label=gen173nr-10CAQoggJCEHNlYXJjaF9tYXJzZWlsbGVIM1gEaE2IAQGYATO4ARfIAQzYAQPoAQH4AQGIAgGoAgG4Aob05NEGwAIB0gIkZmY4ZGI5MzctZjU3Mi00YTVlLTgyMGMtNzcwOTM1ZmViNzNi2AIB4AIB&sid=12a55688e1d2b6894e10ab33ddcb4a62&dist=0&group_adults=2&group_children=0&hapos=24&hpos=24&no_rooms=1&req_adults=2&req_children=0&room1=A%2CA&sb_price_type=total&sr_order=popularity&srepoch=1782135304&srpvid=0cab5f83d6ba0a1f&type=total&ucfs=1&,Marseille,43.2981427,5.3854381
The People - Marseille,8.4,"The People - Marseille offers comfortable hostel rooms with air-conditioning, private bathrooms, and soundproofing. Guests enjoy free WiFi, a terrace, and a bar for relaxation.","7 rue Jean-Marc Cathala, 13001 Marseille, France",https://www.booking.com/hotel/fr/the-people-hostel-marseille.en-gb.html?aid=304142&label=gen173nr-10CAQoggJCEHNlYXJjaF9tYXJzZWlsbGVIM1gEaE2IAQGYATO4ARfIAQzYAQPoAQH4AQGIAgGoAgG4Aob05NEGwAIB0gIkZmY4ZGI5MzctZjU3Mi00YTVlLTgyMGMtNzcwOTM1ZmViNzNi2AIB4AIB&sid=12a55688e1d2b6894e10ab33ddcb4a62&dist=0&group_adults=2&group_children=0&hapos=23&hpos=23&no_rooms=1&req_adults=2&req_children=0&room1=A%2CA&sb_price_type=total&sr_order=popularity&srepoch=1782135304&srpvid=0cab5f83d6ba0a1f&type=total&ucfs=1&,Marseille,43.301105,5.371282
Hôtel Hermès,8.1,"Hôtel Hermès is just 35 metres from the Vieux Port in central Marseilles. It offers a roof-top terrace with panoramic views of the harbour and the city, and free Wi-Fi.

Each guest room at the Hermès has a partial view of the Vieux Port. They are soundproofed and feature flat-screen TVs with satellite channels and private bathrooms.

The hotel staff are available to assist you 24 hours a day. Guests can enjoy a buffet breakfast every morning, served in the dining room.

The Vieux-Port Hotel de Ville Metro Station is just a 3-minute walk from the Hermès hotel. The Saint Charles SNCF Train Station is a 20-minute walk away.","2 rue Bonneterie, 13002 Marseille, France",https://www.booking.com/hotel/fr/hermes.en-gb.html?aid=304142&label=gen173nr-10CAQoggJCEHNlYXJjaF9tYXJzZWlsbGVIM1gEaE2IAQGYATO4ARfIAQzYAQPoAQH4AQGIAgGoAgG4Aob05NEGwAIB0gIkZmY4ZGI5MzctZjU3Mi00YTVlLTgyMGMtNzcwOTM1ZmViNzNi2AIB4AIB&sid=12a55688e1d2b6894e10ab33ddcb4a62&dist=0&group_adults=2&group_children=0&hapos=22&hpos=22&no_rooms=1&req_adults=2&req_children=0&room1=A%2CA&sb_price_type=total&sr_order=popularity&srepoch=1782135304&srpvid=0cab5f83d6ba0a1f&type=total&ucfs=1&,Marseille,43.29655283229883,5.371883288025856
hôtel des reformés,7.8,"hôtel des reformés in Marseille offers family rooms with air-conditioning, private bathrooms, work desks, and TVs. Each room includes a wardrobe and free toiletries.","01 rue dugesclin, 13001 Marseille, France",https://www.booking.com/hotel/fr/des-reformes-marseille5.en-gb.html?aid=304142&label=gen173nr-10CAQoggJCEHNlYXJjaF9tYXJzZWlsbGVIM1gEaE2IAQGYATO4ARfIAQzYAQPoAQH4AQGIAgGoAgG4Aob05NEGwAIB0gIkZmY4ZGI5MzctZjU3Mi00YTVlLTgyMGMtNzcwOTM1ZmViNzNi2AIB4AIB&sid=12a55688e1d2b6894e10ab33ddcb4a62&dist=0&group_adults=2&group_children=0&hapos=21&hpos=21&no_rooms=1&req_adults=2&req_children=0&room1=A%2CA&sb_price_type=total&sr_order=popularity&srepoch=1782135304&srpvid=0cab5f83d6ba0a1f&type=total&ucfs=1&,Marseille,43.2984222177339,5.38545155946772
Appartement lumineux du Panier proche Cathedrale et MuCem,6.7,"The apartment offers streaming services, a washing machine, and a fully equipped kitchen with a refrigerator, microwave, electric kettle, and kitchenware. Additional features include a dining table, wardrobe, and free toiletries.","Rue Sainte-Françoise 11, 13002 Marseille, France",https://www.booking.com/hotel/fr/appartement-lumineux-du-panier-proche-cathedrale-et-mucem.en-gb.html?aid=304142&label=gen173nr-10CAQoggJCEHNlYXJjaF9tYXJzZWlsbGVIM1gEaE2IAQGYATO4ARfIAQzYAQPoAQH4AQGIAgGoAgG4Aob05NEGwAIB0gIkZmY4ZGI5MzctZjU3Mi00YTVlLTgyMGMtNzcwOTM1ZmViNzNi2AIB4AIB&sid=12a55688e1d2b6894e10ab33ddcb4a62&dist=0&group_adults=2&group_children=0&hapos=20&hpos=20&no_rooms=1&req_adults=2&req_children=0&room1=A%2CA&sb_price_type=total&sr_order=popularity&srepoch=1782135304&srpvid=0cab5f83d6ba0a1f&type=total&ucfs=1&,Marseille,43.2979962,5.3661184
Hotel Relax,7.2,"Hotel Relax is set in Marseille, a 2-minute walk from the Old Port.

Each room is fitted with a flat-screen TV and a private bathroom with a shower. Extras include free toiletries and a hairdryer. Hotel Relax features free WiFi throughout the property.

There is a 24-hour front desk at the property.

Velodrome Stadium is 4 km from Hotel Relax, while La Canebiere is 700 metres away. Marseille Provence Airport is 27 km from the property.","4 Rue Corneille, 13001 Marseille, France",https://www.booking.com/hotel/fr/relax-marseille1.en-gb.html?aid=304142&label=gen173nr-10CAQoggJCEHNlYXJjaF9tYXJzZWlsbGVIM1gEaE2IAQGYATO4ARfIAQzYAQPoAQH4AQGIAgGoAgG4Aob05NEGwAIB0gIkZmY4ZGI5MzctZjU3Mi00YTVlLTgyMGMtNzcwOTM1ZmViNzNi2AIB4AIB&sid=12a55688e1d2b6894e10ab33ddcb4a62&dist=0&group_adults=2&group_children=0&hapos=19&hpos=19&no_rooms=1&req_adults=2&req_children=0&room1=A%2CA&sb_price_type=total&sr_order=popularity&srepoch=1782135304&srpvid=0cab5f83d6ba0a1f&type=total&ucfs=1&,Marseille,43.29360577307736,5.375497673016298
Hôtel Ligo by HappyCulture,8.6,"Hôtel Ligo by HappyCulture in Marseille offers family rooms with air-conditioning, private bathrooms, and modern amenities including TV, electric kettle, and wardrobe. Each room features a bath or shower, ensuring a pleasant stay.","14-16 Rue Jean Trinquet, 13002 Marseille, France",https://www.booking.com/hotel/fr/ligo-by-happyculture-marseille4.en-gb.html?aid=304142&label=gen173nr-10CAQoggJCEHNlYXJjaF9tYXJzZWlsbGVIM1gEaE2IAQGYATO4ARfIAQzYAQPoAQH4AQGIAgGoAgG4Aob05NEGwAIB0gIkZmY4ZGI5MzctZjU3Mi00YTVlLTgyMGMtNzcwOTM1ZmViNzNi2AIB4AIB&sid=12a55688e1d2b6894e10ab33ddcb4a62&dist=0&group_adults=2&group_children=0&hapos=18&hpos=18&no_rooms=1&req_adults=2&req_children=0&room1=A%2CA&sb_price_type=total&sr_order=popularity&srepoch=1782135304&srpvid=0cab5f83d6ba0a1f&type=total&ucfs=1&,Marseille,43.301265,5.370879
ibis Marseille Centre Gare Saint Charles,7.7,"ibis Marseille Gare Saint Charles is 1.6 km from the Vieux Port and Joliette district. The hotel offers a bar with a terrace equipped with a boules court and free boules. Free WiFi access and a 24-hour reception are also available.

The air-conditioned rooms are equipped with a wardrobe, a desk and have a flat-screen TV with cable channels. The private bathroom has a shower, a hairdryer and free toiletries.

A buffet breakfast composed of sweet and savoury dishes such as eggs, fruit salad, yogurts and juices is served every day. Pastries baked on site and fresh French Madeleine cakes are also on offer, as well as a hot beverage and a piece of fruit to take away. Outside of regular breakfast hours guests can also enjoy a lighter option, available from 04:00. Guests can buy transportation tickets and city passes for several attractions on site.

Meeting rooms are available at the property. The hotel is less than 50 metres from the Marseille Saint Charles Train Station and the Saint Charles Metro Stop with access to lines 1 and 2. It is 25 km from Marseille-Marignane Airport. Notre-Dame de la Garde basilica is 3 km away","1 Square Narvick, 13001 Marseille, France",https://www.booking.com/hotel/fr/ibis-marseille-gare-saint-charles.en-gb.html?aid=304142&label=gen173nr-10CAQoggJCEHNlYXJjaF9tYXJzZWlsbGVIM1gEaE2IAQGYATO4ARfIAQzYAQPoAQH4AQGIAgGoAgG4Aob05NEGwAIB0gIkZmY4ZGI5MzctZjU3Mi00YTVlLTgyMGMtNzcwOTM1ZmViNzNi2AIB4AIB&sid=12a55688e1d2b6894e10ab33ddcb4a62&dist=0&group_adults=2&group_children=0&hapos=17&hpos=17&no_rooms=1&req_adults=2&req_children=0&room1=A%2CA&sb_price_type=total&sr_order=popularity&srepoch=1782135304&srpvid=0cab5f83d6ba0a1f&type=total&ucfs=1&,Marseille,43.302943517277306,5.382228344569739
bambou house x Jardin calme centre-ville,6.2,"bambou house x Jardin calme centre-ville in Marseille offers a spacious apartment with family rooms. Guests enjoy a terrace and a garden, providing relaxing outdoor spaces.","4 Rue Danton, 13003 Marseille, France",https://www.booking.com/hotel/fr/2p-jardin-calme-centre-ville.en-gb.html?aid=304142&label=gen173nr-10CAQoggJCEHNlYXJjaF9tYXJzZWlsbGVIM1gEaE2IAQGYATO4ARfIAQzYAQPoAQH4AQGIAgGoAgG4Aob05NEGwAIB0gIkZmY4ZGI5MzctZjU3Mi00YTVlLTgyMGMtNzcwOTM1ZmViNzNi2AIB4AIB&sid=12a55688e1d2b6894e10ab33ddcb4a62&dist=0&group_adults=2&group_children=0&hapos=16&hpos=16&no_rooms=1&req_adults=2&req_children=0&room1=A%2CA&sb_price_type=total&sr_order=popularity&srepoch=1782135304&srpvid=0cab5f83d6ba0a1f&type=total&ucfs=1&,Marseille,43.3132197,5.3818499
ibis Marseille Centre Euromed,8.1,"Request Type : Property Description
From the bedrooms to the ground floor, our hotel has been completely renovated. We are now ready to welcome you in a fully revitalized and improved setting for your comfort.

Just 2 km from the Old Port, the ibis Marseille Euroméditerranée hotel offers modern accommodation with a 24-hour reception, free newspapers and free WiFi. It also has a restaurant, a bar and a terrace.
The new restaurant concept is called T.A.T.A. Euromed and was designed to satisfy your appetite for authentic Mediterranean cuisine. Whether dining solo or with friends, enjoy flavourful dishes all made on our premises. Open 7 days a week, our Joliette restaurant-bar and its sunny terrace provide a lively destination for eating, drinking or catching up on work.

The air-conditioned hotel’s rooms feature a TV with satellite and cable channels. They all have an en suite bathroom with hairdryer and shower.

A buffet breakfast composed of sweet and savoury dishes such as eggs, fruit salad, yogurts and juices is served every day. Pastries baked on site and fresh French Madeleine cakes are also on offer, as well as a hot beverage and a piece of fruit to take away. Outside of regular breakfast hours guests can also enjoy a lighter option, available from 04:00 a.m.

Bus lines, a metro station and a tram stop can be found within 400 metres of the property and allow guests to easily access Saint-Charles train station, the city centre and the Old Port. Parc Chanot Exhibition Centre and the Catalans Beaches are 4 km away, while Notre-Dame de la Garde is 3.5 km away. Underground public parking is available nearby at a discounted cost.

Marseille-Marignane Airport is 23 km away.","25 Boulevard de Dunkerque, 13002 Marseille, France",https://www.booking.com/hotel/fr/ibis-euromediterranee.en-gb.html?aid=304142&label=gen173nr-10CAQoggJCEHNlYXJjaF9tYXJzZWlsbGVIM1gEaE2IAQGYATO4ARfIAQzYAQPoAQH4AQGIAgGoAgG4Aob05NEGwAIB0gIkZmY4ZGI5MzctZjU3Mi00YTVlLTgyMGMtNzcwOTM1ZmViNzNi2AIB4AIB&sid=12a55688e1d2b6894e10ab33ddcb4a62&dist=0&group_adults=2&group_children=0&hapos=15&hpos=15&no_rooms=1&req_adults=2&req_children=0&room1=A%2CA&sb_price_type=total&sr_order=popularity&srepoch=1782135304&srpvid=0cab5f83d6ba0a1f&type=total&ucfs=1&,Marseille,43.307901002933846,5.36782017175824
Grand Hotel Beauvau Marseille Vieux-Port - MGallery Collection,8.6,"Grand Hôtel Beauvau Marseille Vieux Port - MGallery is an elegant 4-star hotel in the centre of Marseille. Grand Hotel Beauvau’s bar, Le Beauvau, invites guests to enjoy a drink while looking out over Vieux Port and the Mediterranean Sea. Free WiFi access is available.

Decorated with Empire or Napoleon III furniture, rooms and suites at Grand Hôtel Beauvau Marseille Vieux Port - MGallery are air-conditioned and offer satellite and cable TV. The private bathrooms feature a bath and shower, large mirror, hairdryer, bathrobes, slippers and toiletries.

A Provencal-style Breakfast featuring local produce is served daily in the comfort of your room or in the breakfast room, which offers views of the port. A variety of hot meals and cold snacks are also available with 24-hour room service.

The front desk is open 24 hours a day and guests will be welcomed in French, Italian, Spanish or English.","4 Rue Beauvau, 13001 Marseille, France",https://www.booking.com/hotel/fr/hotel-1293-grand-hotel-beauvau-marseille-vieux-port-mgallery-collection.en-gb.html?aid=304142&label=gen173nr-10CAQoggJCEHNlYXJjaF9tYXJzZWlsbGVIM1gEaE2IAQGYATO4ARfIAQzYAQPoAQH4AQGIAgGoAgG4Aob05NEGwAIB0gIkZmY4ZGI5MzctZjU3Mi00YTVlLTgyMGMtNzcwOTM1ZmViNzNi2AIB4AIB&sid=12a55688e1d2b6894e10ab33ddcb4a62&dist=0&group_adults=2&group_children=0&hapos=14&hpos=14&no_rooms=1&req_adults=2&req_children=0&room1=A%2CA&sb_price_type=total&sr_order=popularity&srepoch=1782135304&srpvid=0cab5f83d6ba0a1f&type=total&ucfs=1&,Marseille,43.29507835603476,5.375010073184967
Hotel Gambetta,3.7,"Hotel Gambetta in Marseille offers private bathrooms with city views, free toiletries, showers, TVs, and wardrobes. Each room ensures a pleasant stay with modern amenities.","49 Allée Léon Gambetta, 13001 Marseille, France",https://www.booking.com/hotel/fr/gambetta-marseille1.en-gb.html?aid=304142&label=gen173nr-10CAQoggJCEHNlYXJjaF9tYXJzZWlsbGVIM1gEaE2IAQGYATO4ARfIAQzYAQPoAQH4AQGIAgGoAgG4Aob05NEGwAIB0gIkZmY4ZGI5MzctZjU3Mi00YTVlLTgyMGMtNzcwOTM1ZmViNzNi2AIB4AIB&sid=12a55688e1d2b6894e10ab33ddcb4a62&dist=0&group_adults=2&group_children=0&hapos=13&hpos=13&no_rooms=1&req_adults=2&req_children=0&room1=A%2CA&sb_price_type=total&sr_order=popularity&srepoch=1782135304&srpvid=0cab5f83d6ba0a1f&type=total&ucfs=1&,Marseille,43.2992907,5.3837702
Studio cosy au cœur du centre ville idéal pour visiter Marseille,8.7,"Studio cosy au cœur du centre ville idéal pour visiter Marseille offers a one-bedroom apartment in Marseille city centre. The property features a lift, ensuring easy access to the second floor.","2 ème étage 1 Rue de Bir Hakeim, 13001 Marseille, France",https://www.booking.com/hotel/fr/studio-cosy-au-coeur-du-centre-ville-ideal-pour-visiter-marseille.en-gb.html?aid=304142&label=gen173nr-10CAQoggJCEHNlYXJjaF9tYXJzZWlsbGVIM1gEaE2IAQGYATO4ARfIAQzYAQPoAQH4AQGIAgGoAgG4Aob05NEGwAIB0gIkZmY4ZGI5MzctZjU3Mi00YTVlLTgyMGMtNzcwOTM1ZmViNzNi2AIB4AIB&sid=12a55688e1d2b6894e10ab33ddcb4a62&dist=0&group_adults=2&group_children=0&hapos=12&hpos=12&no_rooms=1&req_adults=2&req_children=0&room1=A%2CA&sb_price_type=total&sr_order=popularity&srepoch=1782135304&srpvid=0cab5f83d6ba0a1f&type=total&ucfs=1&,Marseille,43.2969631,5.3770193
HOTEL SYLVABELLE,5.2,"Hotel Sylvabelle in Marseille offers family rooms with private bathrooms, free toiletries, showers, TVs, and tiled floors. Each room includes a wardrobe for added convenience.","63 Rue Sylvabelle, Castellane et Préfecture, 13006 Marseille, France",https://www.booking.com/hotel/fr/sylvabelle-marseille12.en-gb.html?aid=304142&label=gen173nr-10CAQoggJCEHNlYXJjaF9tYXJzZWlsbGVIM1gEaE2IAQGYATO4ARfIAQzYAQPoAQH4AQGIAgGoAgG4Aob05NEGwAIB0gIkZmY4ZGI5MzctZjU3Mi00YTVlLTgyMGMtNzcwOTM1ZmViNzNi2AIB4AIB&sid=12a55688e1d2b6894e10ab33ddcb4a62&dist=0&group_adults=2&group_children=0&hapos=11&hpos=11&no_rooms=1&req_adults=2&req_children=0&room1=A%2CA&sb_price_type=total&sr_order=popularity&srepoch=1782135304&srpvid=0cab5f83d6ba0a1f&type=total&ucfs=1&,Marseille,43.288849,5.377536
Ibis Marseille Centre Prefecture,7.3,"Located in the 6th district of Marseille, Ibis Marseille Centre Prefectureoffers free WiFi access and a 24-hour front desk. It is a 12-minute walk from the Vieux Port, and 3 km from the Velodrome Stadium.

Rooms at Ibis Marseille Centre Prefecturecan be accessed by an elevator and are equipped with a satellite TV, desk and wardrobe. Rooms have an en suite bathroom with a shower and toilet.

Breakfast is served daily for a supplement and guests can find restaurants, bars and shops nearby, the hotel also offers catering services for groups, upon request and subject to availability . Newspapers are available daily for guests.

Marseille Saint Charles Train Station is 1.5 km away and can be accessed by metro with two stops located within 350 metres of the hotel. Marseille Airport is 27 km away. Private underground parking is available for a supplement.

Secure private parking is available subject to availability and an additional charge of EUR 15 per night, payable on site. Please note that the maximum height is 1.90 meters.

Our hotel is labeled Green Key. An international label that certifies environmentally friendly tourist accommodation. Learn more, click this link: https://www.laclefverte.org/","13 Rue Lafon, Castellane et Préfecture, 13006 Marseille, France",https://www.booking.com/hotel/fr/premiere-classe-marseille-centre-xml.en-gb.html?aid=304142&label=gen173nr-10CAQoggJCEHNlYXJjaF9tYXJzZWlsbGVIM1gEaE2IAQGYATO4ARfIAQzYAQPoAQH4AQGIAgGoAgG4Aob05NEGwAIB0gIkZmY4ZGI5MzctZjU3Mi00YTVlLTgyMGMtNzcwOTM1ZmViNzNi2AIB4AIB&sid=12a55688e1d2b6894e10ab33ddcb4a62&dist=0&group_adults=2&group_children=0&hapos=10&hpos=10&no_rooms=1&req_adults=2&req_children=0&room1=A%2CA&sb_price_type=total&sr_order=popularity&srepoch=1782135304&srpvid=0cab5f83d6ba0a1f&type=total&ucfs=1&,Marseille,43.291553228272214,5.381971076130867
Elégant studio au cœur de la ville,8.0,"Elégant studio au cœur de la ville in Marseille offers free WiFi and private check-in and check-out services. The apartment includes a kitchenette with a coffee machine, refrigerator, microwave, stovetop, and dining area.","1 20 Rue du Musée, 13001 Marseille, France",https://www.booking.com/hotel/fr/elegant-studio-au-coeur-de-la-ville-marseille.en-gb.html?aid=304142&label=gen173nr-10CAQoggJCEHNlYXJjaF9tYXJzZWlsbGVIM1gEaE2IAQGYATO4ARfIAQzYAQPoAQH4AQGIAgGoAgG4Aob05NEGwAIB0gIkZmY4ZGI5MzctZjU3Mi00YTVlLTgyMGMtNzcwOTM1ZmViNzNi2AIB4AIB&sid=12a55688e1d2b6894e10ab33ddcb4a62&dist=0&group_adults=2&group_children=0&hapos=9&hpos=9&no_rooms=1&req_adults=2&req_children=0&room1=A%2CA&sb_price_type=total&sr_order=popularity&srepoch=1782135304&srpvid=0cab5f83d6ba0a1f&type=total&ucfs=1&,Marseille,43.2960933,5.3791556
studio idealement situé,10,"Studio idealement situé in Marseille offers free WiFi, a washing machine, a fully equipped kitchen, and a TV. The apartment includes one bedroom and one bathroom, ensuring comfort for all guests.","3 eme etage 32 Rue Tapis Vert, 13001 Marseille, France",https://www.booking.com/hotel/fr/studio-idealement-situe-marseille.en-gb.html?aid=304142&label=gen173nr-10CAQoggJCEHNlYXJjaF9tYXJzZWlsbGVIM1gEaE2IAQGYATO4ARfIAQzYAQPoAQH4AQGIAgGoAgG4Aob05NEGwAIB0gIkZmY4ZGI5MzctZjU3Mi00YTVlLTgyMGMtNzcwOTM1ZmViNzNi2AIB4AIB&sid=12a55688e1d2b6894e10ab33ddcb4a62&dist=0&group_adults=2&group_children=0&hapos=8&hpos=8&no_rooms=1&req_adults=2&req_children=0&room1=A%2CA&sb_price_type=total&sr_order=popularity&srepoch=1782135304&srpvid=0cab5f83d6ba0a1f&type=total&ucfs=1&,Marseille,43.2983657,5.3786347
Orus Corner - plage à 5 minutes à pied,9.2,"Orus Corner in Marseille offers a one-bedroom apartment with a living room. The property features a fully equipped kitchen, washing machine, and free WiFi. Guests can enjoy garden views from the balcony or relax in the seating area.","Batiment F9 rdc surélevé côté droit 25 Boulevard du Collet, 13008 Marseille, France",https://www.booking.com/hotel/fr/orus-corner-plage-a-5-minutes-a-pied.en-gb.html?aid=304142&label=gen173nr-10CAQoggJCEHNlYXJjaF9tYXJzZWlsbGVIM1gEaE2IAQGYATO4ARfIAQzYAQPoAQH4AQGIAgGoAgG4Aob05NEGwAIB0gIkZmY4ZGI5MzctZjU3Mi00YTVlLTgyMGMtNzcwOTM1ZmViNzNi2AIB4AIB&sid=12a55688e1d2b6894e10ab33ddcb4a62&dist=0&group_adults=2&group_children=0&hapos=7&hpos=7&no_rooms=1&req_adults=2&req_children=0&room1=A%2CA&sb_price_type=total&sr_order=popularity&srepoch=1782135304&srpvid=0cab5f83d6ba0a1f&type=total&ucfs=1&,Marseille,43.2502048,5.3799196
Novotel Marseille Centre Prado Vélodrome,8.0,"Novotel Marseille Centre Prado is located in one of Marseilles’ business districts. It is 50 metres from the Périer Metro Station providing access to all areas of the city, and 1.5 km from the Orange Velodrome Stadium.

Air-conditioned guest rooms feature a flat-screen TV with satellite channels and a mini-fridge. There are also facilities for making tea and coffee, and the bathrooms include a hairdryer and free toiletries. Free Wi-Fi access is provided.

The restaurant Novotel Café offers a menu of seasonal produce and daily specials featuring original and modern cuisine with a selection of salads, sandwiches, meals and desserts. Guests can have a professional meeting, or enjoy a glass of wine in the open space.

Centre de Congrès is 1 km away and the hotel is 2 km from the Old Port and La Canebière Boulevard; all of which are accessible by transit.

Marseille Saint-Charles Train Station is a 10-minute drive away and Marseille Airport is a 30-minute drive away. Marseille Chanot Exposition Centre is 1.2 km away. Paid public parking is available nearby with charging stations for electric cars available.","103, Avenue du Prado, 13008 Marseille, France",https://www.booking.com/hotel/fr/novotel-marseille-centre-prado.en-gb.html?aid=304142&label=gen173nr-10CAQoggJCEHNlYXJjaF9tYXJzZWlsbGVIM1gEaE2IAQGYATO4ARfIAQzYAQPoAQH4AQGIAgGoAgG4Aob05NEGwAIB0gIkZmY4ZGI5MzctZjU3Mi00YTVlLTgyMGMtNzcwOTM1ZmViNzNi2AIB4AIB&sid=12a55688e1d2b6894e10ab33ddcb4a62&dist=0&group_adults=2&group_children=0&hapos=6&hpos=6&no_rooms=1&req_adults=2&req_children=0&room1=A%2CA&sb_price_type=total&sr_order=popularity&srepoch=1782135304&srpvid=0cab5f83d6ba0a1f&type=total&ucfs=1&,Marseille,43.28068115402996,5.387088060379028
"Dual Views, Sunny Balcony and Parking near the Beach",,"Dual Views, Sunny Balcony and Parking near the Beach offers a spacious apartment in Marseille city centre. The property features two bedrooms, a living room, and a fully equipped kitchen.","39 Avenue de la Corse, 13007 Marseille, France",https://www.booking.com/hotel/fr/dual-views-balcony-ac-amp-parking-near-the-beach.en-gb.html?aid=304142&label=gen173nr-10CAQoggJCEHNlYXJjaF9tYXJzZWlsbGVIM1gEaE2IAQGYATO4ARfIAQzYAQPoAQH4AQGIAgGoAgG4Aob05NEGwAIB0gIkZmY4ZGI5MzctZjU3Mi00YTVlLTgyMGMtNzcwOTM1ZmViNzNi2AIB4AIB&sid=12a55688e1d2b6894e10ab33ddcb4a62&dist=0&group_adults=2&group_children=0&hapos=5&hpos=5&no_rooms=1&req_adults=2&req_children=0&room1=A%2CA&sb_price_type=total&sr_order=popularity&srepoch=1782135304&srpvid=0cab5f83d6ba0a1f&type=total&ucfs=1&,Marseille,43.2891359,5.3629044
ibis Styles Marseille Palais des Congrès Vélodrome,8.6,"Located 1 km from the Orange Velodrome in South Marseille, the ibis Styles Marseille Velodrome Convention Center has air-conditioned rooms with free Wi-Fi, Canal+, and satellite TV.

The on-site restaurant serves a buffet breakfast and traditional French cuisine for lunch and dinner. Guests can relax in the evenings in the property’s spacious bar.

The property offers a 24-hour front desk and meeting facilities.

The ibis Styles Marseille Velodrome Convention Center is 3 km from Marsaille's Vieux Port and 2 km from the nearest beach. The hotel has a car park.","162 Boulevard Rabatau Daniel Matalon, 13010 Marseille, France",https://www.booking.com/hotel/fr/ibis-styles-marseille-palais-des-congres-velodrome.en-gb.html?aid=304142&label=gen173nr-10CAQoggJCEHNlYXJjaF9tYXJzZWlsbGVIM1gEaE2IAQGYATO4ARfIAQzYAQPoAQH4AQGIAgGoAgG4Aob05NEGwAIB0gIkZmY4ZGI5MzctZjU3Mi00YTVlLTgyMGMtNzcwOTM1ZmViNzNi2AIB4AIB&sid=12a55688e1d2b6894e10ab33ddcb4a62&dist=0&group_adults=2&group_children=0&hapos=4&hpos=4&no_rooms=1&req_adults=2&req_children=0&room1=A%2CA&sb_price_type=total&sr_order=popularity&srepoch=1782135304&srpvid=0cab5f83d6ba0a1f&type=total&ucfs=1&,Marseille,43.28066065110931,5.399563014507294
ibis budget Marseille Vieux Port,7.6,"Located in the heart of Marseille, ibis Budget Marseille Vieux Port offers a 14th-Century façade and a cocktail bar. The old port is just a 3-minute walk away and the train station is a 25-minute walk away.

All rooms are air-conditioned and feature a flat-screen TV with satellite channels, a desk, wardrobe and heating. The bathroom includes a shower and free toiletries.

A buffet breakfast is available each morning at ibis Budget Marseille Vieux Port and guests can also enjoy the bar on site. Restaurants are found within walking distance.

The beach is 1.6 km from the hotel and Marseille Opera is a 10-minute walk away. Additional features include luggage storage, a lift, free WiFi access and subject to availability.","46 Rue Sainte, 13001 Marseille, France",https://www.booking.com/hotel/fr/etap-marseille-vieux-port.en-gb.html?aid=304142&label=gen173nr-10CAQoggJCEHNlYXJjaF9tYXJzZWlsbGVIM1gEaE2IAQGYATO4ARfIAQzYAQPoAQH4AQGIAgGoAgG4Aob05NEGwAIB0gIkZmY4ZGI5MzctZjU3Mi00YTVlLTgyMGMtNzcwOTM1ZmViNzNi2AIB4AIB&sid=12a55688e1d2b6894e10ab33ddcb4a62&dist=0&group_adults=2&group_children=0&hapos=3&hpos=3&no_rooms=1&req_adults=2&req_children=0&room1=A%2CA&sb_price_type=total&sr_order=popularity&srepoch=1782135304&srpvid=0cab5f83d6ba0a1f&type=total&ucfs=1&,Marseille,43.29220855923841,5.373554974794388
T2 neuf et moderne climatiser avec Netflix amazon,9.3,"T2 neuf et moderne climatiser avec Netflix amazon in Marseille offers a comfortable apartment with one bedroom, one bathroom, and a spacious living room. Guests enjoy free WiFi, air-conditioning, a fully equipped kitchen, and garden views.","217 Boulevard de Saint-Marcel, 13011 Marseille, France",https://www.booking.com/hotel/fr/sublime-t2-cosy-et-neuf.en-gb.html?aid=304142&label=gen173nr-10CAQoggJCEHNlYXJjaF9tYXJzZWlsbGVIM1gEaE2IAQGYATO4ARfIAQzYAQPoAQH4AQGIAgGoAgG4Aob05NEGwAIB0gIkZmY4ZGI5MzctZjU3Mi00YTVlLTgyMGMtNzcwOTM1ZmViNzNi2AIB4AIB&sid=12a55688e1d2b6894e10ab33ddcb4a62&dist=0&group_adults=2&group_children=0&hapos=2&hpos=2&no_rooms=1&req_adults=2&req_children=0&room1=A%2CA&sb_price_type=total&sr_order=popularity&srepoch=1782135304&srpvid=0cab5f83d6ba0a1f&type=total&ucfs=1&,Marseille,43.2868164,5.4677113
MEININGER Marseille Centre la Joliette,8.5,"MEININGER Marseille Centre la Joliette in Marseille offers family rooms with air-conditioning, private bathrooms, and city views. Each room includes a seating area, free toiletries, and soundproofing.","25/27 Rue de Forbin, 13002 Marseille, France",https://www.booking.com/hotel/fr/meininger-marseille-centre-la-joliette.en-gb.html?aid=304142&label=gen173nr-10CAQoggJCEHNlYXJjaF9tYXJzZWlsbGVIM1gEaE2IAQGYATO4ARfIAQzYAQPoAQH4AQGIAgGoAgG4Aob05NEGwAIB0gIkZmY4ZGI5MzctZjU3Mi00YTVlLTgyMGMtNzcwOTM1ZmViNzNi2AIB4AIB&sid=12a55688e1d2b6894e10ab33ddcb4a62&dist=0&group_adults=2&group_children=0&hapos=1&hpos=1&no_rooms=1&req_adults=2&req_children=0&room1=A%2CA&sb_price_type=total&sr_order=popularity&srepoch=1782135304&srpvid=0cab5f83d6ba0a1f&type=total&ucfs=1&,Marseille,43.30574814984538,5.371058398811321
